<xml xmlns:o="urn:schemas-microsoft-com:office:office">
 <o:MainFile HRef="../CMS.htm"/>
 <o:File HRef="preview.wmf"/>
 <o:File HRef="item0001.xml"/>
 <o:File HRef="props002.xml"/>
 <o:File HRef="themedata.thmx"/>
 <o:File HRef="colorschememapping.xml"/>
 <o:File HRef="image001.emz"/>
 <o:File HRef="image002.png"/>
 <o:File HRef="oledata.mso"/>
 <o:File HRef="image003.emz"/>
 <o:File HRef="image004.png"/>
 <o:File HRef="image005.emz"/>
 <o:File HRef="image006.png"/>
 <o:File HRef="header.htm"/>
 <o:File HRef="filelist.xml"/>
</xml>