<?xml version="1.0" encoding="UTF-8"?>  
<beans xmlns="http://www.springframework.org/schema/beans"  
    xmlns:xsi="http://www.w3.org/2001/XMLSchema-instance"   
    xmlns:aop="http://www.springframework.org/schema/aop"  
    xsi:schemaLocation="http://www.springframework.org/schema/beans  
    http://www.springframework.org/schema/beans/spring-beans-3.0.xsd   
    http://www.springframework.org/schema/aop   
    http://www.springframework.org/schema/aop/spring-aop-3.0.xsd ">  
  
<aop:aspectj-autoproxy />  
  
<bean id="opBean" class="aop_before.Operation">   </bean>  
<bean id="trackAspect" class="aop_before.TrackOperation"></bean>  
          
<aop:config>  
  <aop:aspect id="myaspect" ref="trackAspect" >  
     <!-- @Before -->  
     <aop:pointcut id="pointCutBefore"   expression="execution(* aop_before.Operation.*(..))" />  
<!--     <aop:pointcut id="pointCutBefore"   expression="execution(* aop_before.Operation.msg(..))" />  -->
    
     <aop:before method="myadvice" pointcut-ref="pointCutBefore" />  
  </aop:aspect>  
</aop:config>  
      
</beans>  