<?xml version="1.0" encoding="ISO-8859-1"?>
<!DOCTYPE tiles-definitions PUBLIC "-//Apache Software Foundation//DTD Tiles Configuration 1.1//EN"
                                   "http://jakarta.apache.org/struts/dtds/tiles-config_1_1.dtd">
<tiles-definitions>
	<definition name="chartDashboard" path="/mss/chartReview/jsp/chartDashboard.jsp">
		<put name="header" value="/mss/common/jsp/popupWideHeader.jsp" />
		<put name="menu" value="/mss/hpe/jsp/hpeMenu.jsp" />
		<put name="search" value="/mss/chartReview/jsp/chartDashSearch.jsp" />
		<put name="options" value="/mss/chartReview/jsp/chartOptions.jsp" />
		<put name="contents" value="/mss/chartReview/jsp/chartDashContents.jsp" />
		<!-- //Session management  IFOX-00428243 : start -->
		<put name="footer" value="/mss/common/html/popupFooter.jsp" />	
	<!-- //Session management  IFOX-00428243 : end -->
	</definition>	

	<definition name="chartDashTree" extends="chartDashboard">
	</definition>

	<definition name="chartInstClaimOtherSubsProvBody" path="/mss/chartReview/jsp/chartInstClaimOtherSubsProv.jsp">              	
        <put name="claimOtherSubsProvList" value="/mss/chartReview/jsp/chartInstClaimOtherSubsProvList.jsp" />                    			
        <put name="claimOtherSubsProvDetail" value="/mss/chartReview/jsp/chartInstClaimOtherSubsProvDetail.jsp" />                       	                        
	</definition>		

	<definition name="chartInstClaimProvBody" path="/mss/chartReview/jsp/chartInstClaimProv.jsp">              	
        <put name="claimProvList" value="/mss/chartReview/jsp/chartInstClaimProvList.jsp" />                    			
        <put name="claimProvDetail" value="/mss/chartReview/jsp/chartInstClaimProvDetail.jsp" />        
		<put name="claimOtherSubsProv" value="chartInstClaimOtherSubsProvBody" type="definition" />          
	</definition>	
	
	<definition name="chartInstClaimOtherSubsBody" path="/mss/chartReview/jsp/chartInstClaimOtherSubs.jsp">              	
        <put name="claimOtherSubsList" value="/mss/chartReview/jsp/chartInstClaimOtherSubsList.jsp" />                    			
        <put name="claimOtherSubsDetail" value="/mss/chartReview/jsp/chartInstClaimOtherSubsDetail.jsp" />        
		<put name="claimOtherSubsProv" value="chartInstClaimOtherSubsProvBody" type="definition" />                  				                           		                         	         		                         	                        
	</definition>	

	<definition name="chartInstClaimLineProvBody" path="/mss/chartReview/jsp/chartInstClaimLineProv.jsp">              	
        <put name="claimLineProvList" value="/mss/chartReview/jsp/chartInstClaimLineProvList.jsp" />                    			
        <put name="claimLineProvDetail" value="/mss/chartReview/jsp/chartInstClaimLineProvDetail.jsp" />                       	                        
	</definition>		

	<definition name="chartInstClaimLineAdjudBody" path="/mss/chartReview/jsp/chartInstClaimLineAdjud.jsp">              	
        <put name="claimLineAdjudList" value="/mss/chartReview/jsp/chartInstClaimLineAdjudList.jsp" />                    			
        <put name="claimLineAdjudDetail" value="/mss/chartReview/jsp/chartInstClaimLineAdjudDetail.jsp" />                       	                        
	</definition>		
	
	<definition name="chartInstClaimLineBody" path="/mss/chartReview/jsp/chartInstClaimLine.jsp">              	
        <put name="claimLineList" value="/mss/chartReview/jsp/chartInstClaimLineList.jsp" />                    			
        <put name="claimLineDetail" value="/mss/chartReview/jsp/chartInstClaimLineDetail.jsp" />
		<put name="claimLineProv" value="chartInstClaimLineProvBody" type="definition" />  
		<put name="claimLineAdjud" value="chartInstClaimLineAdjudBody" type="definition" />                  				         		                				                                     		                         	         		                         	                        
	</definition>	

	<definition name="chartInstClaimBody" path="/mss/chartReview/jsp/chartInstClaim.jsp">
		<put name="claimCodes" value="/mss/chartReview/jsp/chartInstClaimCodes.jsp" /> 	
		<put name="claimProv" value="chartInstClaimProvBody" type="definition" />  
		<put name="claimOtherSubs" value="chartInstClaimOtherSubsBody" type="definition" />  
        <put name="claimLine" value="chartInstClaimLineBody" type="definition" />                      
        <put name="claimNotes" value="/mss/chartReview/jsp/chartInstClaimNotes.jsp" />       		                                  		                         	         		                         	                        
	</definition>

	<definition name="chartInstDetail" path="/mss/chartReview/jsp/chartInstDetail.jsp">
		<put name="header" value="/mss/common/jsp/popupWideHeader.jsp" />
		<put name="menu" value="/mss/hpe/jsp/hpeMenu.jsp" />
		<put name="search" value="/mss/chartReview/jsp/chartDetailSearch.jsp" />
		<put name="options" value="/mss/chartReview/jsp/chartOptions.jsp" />
		<put name="searchResults" value="/mss/chartReview/jsp/chartInstList.jsp" />
		<put name="update" value="/mss/chartReview/jsp/chartUpdate.jsp" />
		<put name="errors" value="/mss/chartReview/jsp/chartInstErrors.jsp" />
		<put name="subscriber" value="/mss/chartReview/jsp/chartInstSubscriber.jsp" />																
		<put name="claim" value="chartInstClaimBody" type="definition" />		
		<put name="provider" value="/mss/chartReview/jsp/chartInstProvider.jsp" />				   
		<!-- //Session management  IFOX-00428243 : start -->
		<put name="footer" value="/mss/common/html/popupFooter.jsp" />	
	<!-- //Session management  IFOX-00428243 : end -->
	</definition>

	<definition name="chartProfClaimOtherSubsProvBody" path="/mss/chartReview/jsp/chartProfClaimOtherSubsProv.jsp">              	
        <put name="claimOtherSubsProvList" value="/mss/chartReview/jsp/chartProfClaimOtherSubsProvList.jsp" />                    			
        <put name="claimOtherSubsProvDetail" value="/mss/chartReview/jsp/chartProfClaimOtherSubsProvDetail.jsp" />                       	                        
	</definition>		

	<definition name="chartProfClaimProvBody" path="/mss/chartReview/jsp/chartProfClaimProv.jsp">              	
        <put name="claimProvList" value="/mss/chartReview/jsp/chartProfClaimProvList.jsp" />                    			
        <put name="claimProvDetail" value="/mss/chartReview/jsp/chartProfClaimProvDetail.jsp" />        
		<put name="claimOtherSubsProv" value="chartProfClaimOtherSubsProvBody" type="definition" />          
	</definition>	

	<definition name="chartProfClaimOtherSubsBody" path="/mss/chartReview/jsp/chartProfClaimOtherSubs.jsp">              	
        <put name="claimOtherSubsList" value="/mss/chartReview/jsp/chartProfClaimOtherSubsList.jsp" />                    			
        <put name="claimOtherSubsDetail" value="/mss/chartReview/jsp/chartProfClaimOtherSubsDetail.jsp" />        
		<put name="claimOtherSubsProv" value="chartProfClaimOtherSubsProvBody" type="definition" />                  				                           		                         	         		                         	                        
	</definition>	

	<definition name="chartProfClaimLineProvBody" path="/mss/chartReview/jsp/chartProfClaimLineProv.jsp">              	
        <put name="claimLineProvList" value="/mss/chartReview/jsp/chartProfClaimLineProvList.jsp" />                    			
        <put name="claimLineProvDetail" value="/mss/chartReview/jsp/chartProfClaimLineProvDetail.jsp" />                       	                        
	</definition>		

	<definition name="chartProfClaimLineAdjudBody" path="/mss/chartReview/jsp/chartProfClaimLineAdjud.jsp">              	
        <put name="claimLineAdjudList" value="/mss/chartReview/jsp/chartProfClaimLineAdjudList.jsp" />                    			
        <put name="claimLineAdjudDetail" value="/mss/chartReview/jsp/chartProfClaimLineAdjudDetail.jsp" />                       	                        
	</definition>		

	<definition name="chartProfClaimLineBody" path="/mss/chartReview/jsp/chartProfClaimLine.jsp">              	
        <put name="claimLineList" value="/mss/chartReview/jsp/chartProfClaimLineList.jsp" />                    			
        <put name="claimLineDetail" value="/mss/chartReview/jsp/chartProfClaimLineDetail.jsp" />
		<put name="claimLineProv" value="chartProfClaimLineProvBody" type="definition" />  
		<put name="claimLineAdjud" value="chartProfClaimLineAdjudBody" type="definition" />                  				         		                				                                     		                         	         		                         	                        
	</definition>	

	<definition name="chartProfClaimBody" path="/mss/chartReview/jsp/chartProfClaim.jsp">
		<put name="claimCodes" value="/mss/chartReview/jsp/chartProfClaimCodes.jsp" /> 	
		<put name="claimProv" value="chartProfClaimProvBody" type="definition" />  
		<put name="claimOtherSubs" value="chartProfClaimOtherSubsBody" type="definition" />  
        <put name="claimLine" value="chartProfClaimLineBody" type="definition" />                      
	</definition>
	
	<definition name="chartProfDetail" path="/mss/chartReview/jsp/chartProfDetail.jsp">
		<put name="header" value="/mss/common/jsp/popupWideHeader.jsp" />
		<put name="menu" value="/mss/hpe/jsp/hpeMenu.jsp" />
		<put name="search" value="/mss/chartReview/jsp/chartDetailSearch.jsp" />
		<put name="options" value="/mss/chartReview/jsp/chartOptions.jsp" />
		<put name="searchResults" value="/mss/chartReview/jsp/chartProfList.jsp" />
		<put name="update" value="/mss/chartReview/jsp/chartUpdate.jsp" />
		<put name="errors" value="/mss/chartReview/jsp/chartProfErrors.jsp" />
		<put name="subscriber" value="/mss/chartReview/jsp/chartProfSubscriber.jsp" />																
		<put name="claim" value="chartProfClaimBody" type="definition" />		
		<put name="provider" value="/mss/chartReview/jsp/chartProfProvider.jsp" />				   
		<!-- //Session management  IFOX-00428243 : start -->
		<put name="footer" value="/mss/common/html/popupFooter.jsp" />	
	<!-- //Session management  IFOX-00428243 : end -->
	</definition>	

	<definition name="chartSummary" path="/mss/chartReview/jsp/chartSummary.jsp">
		<put name="header" value="/mss/common/jsp/popupWideHeader.jsp" />
		<put name="menu" value="/mss/hpe/jsp/hpeMenu.jsp" />
		<put name="search" value="/mss/chartReview/jsp/chartSummSearch.jsp" />
		<put name="options" value="/mss/chartReview/jsp/chartOptions.jsp" />
		<put name="contents" value="/mss/chartReview/jsp/chartSummContents.jsp" />
		<!-- //Session management  IFOX-00428243 : start -->
		<put name="footer" value="/mss/common/html/popupFooter.jsp" />	
	<!-- //Session management  IFOX-00428243 : end -->
	</definition>
	
	<definition name="chartSummTree" extends="chartSummary">
	</definition>

	<definition name="chartSummInstRejectCodes" path="/mss/chartReview/jsp/chartSummInstRejectCodes.jsp">
		<put name="header" value="/mss/common/jsp/popupWideHeader.jsp" />
		<put name="menu" value="/mss/hpe/jsp/hpeMenu.jsp" />
		<put name="search" value="/mss/chartReview/jsp/chartSummRejectCodesSearch.jsp" />
		<put name="options" value="/mss/chartReview/jsp/chartOptions.jsp" />
		<put name="rejectCodesList" value="/mss/chartReview/jsp/chartSummInstRejectCodesList.jsp" />		
		<!-- //Session management  IFOX-00428243 : start -->
		<put name="footer" value="/mss/common/html/popupFooter.jsp" />	
	<!-- //Session management  IFOX-00428243 : end -->
	</definition>
	
	<definition name="chartSummProfRejectCodes" path="/mss/chartReview/jsp/chartSummProfRejectCodes.jsp">
		<put name="header" value="/mss/common/jsp/popupWideHeader.jsp" />
		<put name="menu" value="/mss/hpe/jsp/hpeMenu.jsp" />
		<put name="search" value="/mss/chartReview/jsp/chartSummRejectCodesSearch.jsp" />
		<put name="options" value="/mss/chartReview/jsp/chartOptions.jsp" />
		<put name="rejectCodesList" value="/mss/chartReview/jsp/chartSummProfRejectCodesList.jsp" />		
		<!-- //Session management  IFOX-00428243 : start -->
		<put name="footer" value="/mss/common/html/popupFooter.jsp" />	
	<!-- //Session management  IFOX-00428243 : end -->
	</definition>	
	
</tiles-definitions>