<?xml version="1.0" encoding="UTF-8"?>
<!DOCTYPE struts-config PUBLIC "-//Apache Software Foundation//DTD Struts Configuration 1.1//EN" "http://jakarta.apache.org/struts/dtds/struts-config_1_1.dtd">
<struts-config>

	<!-- Data Sources -->
	<data-sources>
	</data-sources>
	<!-- Form Beans -->
	<form-beans>
		<form-bean name="lettersForm" type="com.ps.mss.web.forms.LettersForm">
		</form-bean>
	</form-beans>

	<!-- Action Mappings -->
	<action-mappings>
		<action path="/LettersAction" scope="request" type="com.ps.mss.web.actions.LettersAction" name="lettersForm" parameter="method">
			<forward name="lettersDashboard" path="lettersDashboard"></forward>
			<forward name="lettersPage" path="lettersPage"></forward>
			<forward name="lettersStatusUpdate" path="lettersStatusUpdate"></forward>
			<forward name="lettersGenerate" path="lettersGenerate"></forward>
			<forward name="lettersError" path="/mss/jsp/windowErrorPage.jsp"></forward>
		</action>
	</action-mappings>
		
</struts-config>
