<?xml version="1.0" encoding="ISO-8859-1"?>
<!DOCTYPE tiles-definitions PUBLIC "-//Apache Software Foundation//DTD Tiles Configuration 1.1//EN"
                                   "http://jakarta.apache.org/struts/dtds/tiles-config_1_1.dtd">
<tiles-definitions>
	<definition name="lettersPageLayout" path="./mss/jsp/Correspondence/jsp/lettersLayout.jsp">
		<put name="footer" value="footer.jsp" />
	</definition>
		
	<definition name="lettersDashboard" extends ="lettersPageLayout">
		<put name="menu" value="../../Correspondence/jsp/menuLetters.jsp" />
		<put name="search" value="../../Correspondence/jsp/letterDashboardSearch.jsp" />
		<put name="body" value="../../Correspondence/jsp/letterDashboardBody.jsp" />
	</definition>

	<definition name="lettersPage" extends ="lettersPageLayout">
		<put name="menu" value="../../Correspondence/jsp/menuLetters.jsp" />
		<put name="search" value="../../Correspondence/jsp/searchLetters.jsp" />
		<put name="body" value="../../Correspondence/jsp/bodyLetters.jsp" />
	</definition>
	
	<definition name="lettersStatusUpdate" extends ="lettersPageLayout">
		<put name="menu" value="../../Correspondence/jsp/menuLetters.jsp" />
		<put name="search" value="../../Correspondence/jsp/emptyLettersSearchPage.jsp" />
		<put name="body" value="../../Correspondence/jsp/bodyStatusLetters.jsp" />
	</definition>

	<definition name="lettersGenerate" extends ="lettersPageLayout">
		<put name="menu" value="../../Correspondence/jsp/menuLetters.jsp" />
		<put name="search" value="../../Correspondence/jsp/emptyLettersSearchPage.jsp" />
		<put name="body" value="../../Correspondence/jsp/bodyGenerateLetters.jsp" />
	</definition>

</tiles-definitions>