<?xml version="1.0" encoding="UTF-8"?>
<!DOCTYPE dwr PUBLIC "-//GetAhead Limited//DTD Direct Web Remoting 2.0//EN" "http://directwebremoting.org/schema/dwr20.dtd">
<dwr>

  <allow>

	<create creator="new" javascript="FacadeManager">
      <param name="class" value="com.ps.mss.web.ajax.FacadeManager"/>
    </create>

    <convert match="com.ps.mss.web.forms.GenericDisplayPageForm" javascript="gdpForm" converter="bean"/>  
    <convert match="com.ps.mss.model.RapsFilter" javascript="filterVO" converter="bean"/>  
    <convert match="com.ps.mss.model.RapsDetailPage" javascript="rapsDetailPage" converter="bean"/>  
    <convert match="com.ps.mss.model.RapsDetailInfo" javascript="RapsDetailInfo" converter="bean"/> 
    <convert match="com.ps.mss.model.RapsDetailItem" javascript="RapsDetailItem" converter="bean"/> 
    <convert match="com.ps.mss.model.RapsHistoryItem" javascript="RapsHistoryItem" converter="bean"/> 
    <convert match="com.ps.mss.model.RapsClaimsDetailPage" javascript="RapsClaimsDetailPage" converter="bean"/>
    <convert match="com.ps.mss.model.RapsClaimDetailItem" javascript="RapsClaimDetailItem" converter="bean"/>
    <convert match="com.ps.mss.model.RapsClaimDetailInfo" javascript="RapsClaimDetailInfo" converter="bean"/>
    <convert match="com.ps.mss.model.RapsDiagnosisCode" javascript="RapsDiagnosisCode" converter="bean"/>
    <convert match="com.ps.mss.model.RapsSource" javascript="RapsSource" converter="bean"/>
    <convert match="com.ps.mss.model.RapsError" javascript="RapsError" converter="bean"/>
    <convert match="com.ps.mss.model.RapsClaimAdditionalInfo" javascript="RapsClaimAdditionalInfo" converter="bean"/>
    <convert match="com.ps.mss.model.RapsErrorsPage" javascript="rapsErrorsPage" converter="bean"/>  
    <convert match="com.ps.mss.model.RapsErrorsInfo" javascript="RapsErrorsInfo" converter="bean"/> 
    <convert match="com.ps.mss.model.RapsErrorsItem" javascript="RapsErrorsItem" converter="bean"/> 
    <convert match="com.ps.mss.model.RapsErrorsHistoryItem" javascript="RapsErrorsHistoryItem" converter="bean"/>
    
    <convert match="com.ps.mss.model.LettersFilter" javascript="lettersFilter" converter="bean"/>
    <convert match="com.ps.mss.model.LettersListItem" javascript="lettersListItem" converter="bean"/>  
    <convert match="com.ps.mss.model.LettersItem" javascript="lettersItem" converter="bean"/> 
    <convert match="com.ps.mss.model.LettersDataItem" javascript="lettersDataItem" converter="bean"/> 
    <convert match="com.ps.mss.model.LettersDetailInfo" javascript="lettersDetailInfo" converter="bean"/> 
    <convert match="com.ps.mss.model.LettersDashboardList" javascript="lettersDashboardList" converter="bean"/>
    <convert match="com.ps.mss.model.LettersDashboardItem" javascript="LettersDashboardItem" converter="bean"/>
    
    <convert match="com.ps.mss.model.HPEEncounterVO" javascript="claimDetail" converter="bean"/> 
        
	<convert match="com.ps.mss.model.FilterVO" javascript="filterVO" converter="bean"/>           
    <convert match="com.ps.mss.model.PaymentDashBoardVO" javascript="PaymentDashBoardVO" converter="bean"/>           
	<convert match="com.ps.mss.model.PaymentSummaryVO" javascript="PaymentSummary" converter="bean"/>             
	<convert match="com.ps.mss.model.DiscrepancySummaryVO" javascript="DiscrepancySummary" converter="bean"/>
	<convert match="com.ps.mss.model.WorkAgedSummaryVO" javascript="FinanceSummaryVO" converter="bean"/>
  	<convert match="com.ps.mss.model.DiscrepancyListVO" javascript="DiscrepancyListVO" converter="bean"/>
	<convert match="com.ps.mss.model.DiscrepancyDetailVO" javascript="DiscrepancyDetailVO" converter="bean"/>
	<convert match="com.ps.mss.model.DiscrepancyDetailVOList" javascript="DiscrepancyDetailVOList" converter="bean"/>
	<convert match="com.ps.mss.model.BeneficiaryVO" javascript="BeneficiaryVO" converter="bean"/>	
	<convert match="com.ps.mss.model.BeneficiaryPymtDetailVO" javascript="BeneficiaryPymtDetailVO" converter="bean"/>	

	<convert match="com.ps.mss.model.DiscrepancyHistoryVO" javascript="DiscrepancyHistoryVO" converter="bean"/>	
  	<convert match="com.ps.mss.model.DiscrepancyMetaData" javascript="DiscrepancyMetaData" converter="bean"/>
	<convert match="com.ps.mss.model.TroopDashBoardVO" javascript="TroopDashBoardVO" converter="bean"/>  
	<convert match="com.ps.mss.model.TroopDashBoardVOList" javascript="TroopDashBoardVOList" converter="bean"/> 
	<convert match="com.ps.mss.model.TroopDetailVOList" javascript="TroopDetailVOList" converter="bean"/>  
	<convert match="com.ps.mss.model.TroopDetailVO" javascript="TroopDetailVO" converter="bean"/> 
	<convert match="com.ps.mss.model.PdeErrDetailItem" javascript="PdeErrDetailItem" converter="bean"/> 

	<convert match="com.ps.mss.model.PdeDetailVO" javascript="PdeDetailVO" converter="bean"/> 
  	<convert match="com.ps.mss.model.PdeDashboardVO" javascript="PdeDashboardVO" converter="bean"/>
	<convert match="com.ps.mss.model.PdeEventDetailVO" javascript="PdeEventDetailVO" converter="bean"/>
	<convert match="com.ps.mss.model.PdeEventDetailVoList" javascript="PdeEventDetailVoList" converter="bean"/>

  	<convert match="com.ps.mss.model.ProfileSearchDetailVO" javascript="ProfileSearchDetailVO" converter="bean"/>
  	<convert match="com.ps.mss.model.ProfileSearchVOList" javascript="ProfileSearchVOList" converter="bean"/>
  	<convert match="com.ps.mss.model.ProfileSearchVO" javascript="ProfileSearchVO" converter="bean"/>  	  	  	

  	<convert match="com.ps.util.NameValuePair" javascript="NameValuePair" converter="bean"/>
  	<convert match="com.ps.util.ListBoxItem" javascript="ListBoxItem" converter="bean"/>
	<convert match="com.ps.mss.model.DiscrepancyDashBoardVO" javascript="DiscrepancyDashBoardVO" converter="bean"/>   
	<convert match="com.ps.mss.model.MedicareEventVO" javascript="eventVO" converter="bean"/> 
	<convert match="com.ps.mss.model.MedicareEventVOList" javascript="eventListVO" converter="bean"/> 
	
	<convert match="com.ps.mss.model.EEMApplicationVO" javascript="EEMApplicationVO" converter="bean"/>
	<convert match="com.ps.mss.dao.model.EmBBBPaymentDtlInvoiceVO" javascript="pymntDtlInvcVO" converter="bean"/>
	<convert match="com.ps.mss.dao.model.EmMbrAgentVO" javascript="mbrAgentVO" converter="bean"/>
	
	<convert match="com.ps.mss.dao.model.EmCorrVarDataVO" javascript="EmCorrVarDataVO" converter="bean"/>
	
	<convert match="java.lang.Exception" javascript="exception" converter="exception"/> 
	<!-- New LEP Changes -Start -->
	<convert match="com.ps.mss.dao.model.EMLEPMaximusVO" javascript="mbrLepMaximus" converter="bean"/> 
	<convert match="com.ps.mss.dao.model.EmMbrLepAttestInfoVO" javascript="emMbrLepAttestInfoVO" converter="bean"/>
	<!-- New LEP Changes -End -->
  </allow>

  <!--
  <signatures>
  <![CDATA[
  import java.util.*;
  import uk.ltd.getahead.dwrdemo.test.*;

  Test.testBeanSetParam(Set<TestBean>);
  Test.testBeanListParam(List<TestBean>);
  Test.charTestBeanMapParam(Map<Character, TestBean>);

  Test.stringStringMapParam(Map<String, String>);
  Test.stringStringHashMapParam(HashMap<String, String>);
  Test.stringStringTreeMapParam(TreeMap<String, String>);

  Test.stringCollectionParam(Collection<String>);

  Test.stringListParam(List<String>);
  Test.stringLinkedListParam(LinkedList<String>);
  Test.stringArrayListParam(ArrayList<String>);

  Test.stringSetParam(Set<String>);
  Test.stringHashSetParam(HashSet<String>);
  Test.stringTreeSetParam(TreeSet<String>);
  ]]>
  </signatures>
  -->

</dwr>