<?xml version="1.0" encoding="ISO-8859-1"?>
	<!DOCTYPE
 tiles-definitions PUBLIC "-//Apache Software Foundation//DTD Tiles Configuration 1.1//EN"
                                   "http://jakarta.apache.org/struts/dtds/tiles-config_1_1.dtd"
	>
<tiles-definitions>
	<definition name="eemPageLayout" path="/mss/eem/jsp/eemLayout.jsp">
		<put name="header" value="/mss/common/jsp/popupHeader.jsp"/>
		<put name="menu" value="/mss/eem/jsp/eemMenu.jsp"/>
		<put name="footer" value="/mss/common/html/popupFooter.jsp"/>
	</definition>
	<definition name="eemEmpty" extends="eemPageLayout"/>
	<definition name="eemEligibility" extends="eemPageLayout"/>
	<definition name="eemAppl" path="/mss/eem/jsp/eemAppl.jsp">
		<put name="header" value="/mss/common/jsp/popupHeader.jsp"/>
		<put name="menu" value="/mss/eem/jsp/eemMenu.jsp"/>
		<put name="search" value="/mss/eem/jsp/eemApplSearch.jsp"/>
		<put name="options" value="/mss/eem/jsp/eemApplOptions.jsp"/>
		<put name="footer" value="/mss/common/html/popupFooter.jsp"/>
		<put name="searchList" value="/mss/eem/jsp/eemApplSearchResults.jsp"/>
		<put name="applicationInfo" value="/mss/eem/jsp/eemApplInfo.jsp"/>
		<put name="personalInfo" value="/mss/eem/jsp/eemApplPersonalInfo.jsp"/>
		<put name="rxInfo" value="/mss/eem/jsp/eemApplRxInfo.jsp"/>
		<put name="medicareInfo" value="/mss/eem/jsp/eemApplMedicareInfo.jsp"/>
		<put name="premiumInfo" value="/mss/eem/jsp/eemApplPremiumInfo.jsp"/>
		<put name="questions" value="/mss/eem/jsp/eemApplQuestions.jsp"/>
		<put name="attestation" value="/mss/eem/jsp/eemApplAttestation.jsp"/>
		<put name="attestationsummary" value="/mss/eem/jsp/eemApplAttestationSummary.jsp" />
		<put name="signature" value="/mss/eem/jsp/eemApplSignature.jsp"/>
		<put name="broker" value="/mss/eem/jsp/eemApplBrokerAgent.jsp"/>
		<put name="comments" value="/mss/eem/jsp/eemApplComments.jsp"/>
		<put name="errors" value="/mss/eem/jsp/eemApplErrors.jsp"/>
		<!-- UseCaseName 015_Highmark_SUC_Denials for Enrollment and Disenrollment - Start  -->
		<put name="denial" value="/mss/eem/jsp/eemApplDenial.jsp"/>
		<!-- UseCaseName 015_Highmark_SUC_Denials for Enrollment and Disenrollment - End  -->
		<!-- Cambia_Application Cancellation- Start -->
		<put name="cancellation" value="/mss/eem/jsp/eemApplCancellation.jsp"/>
		<!-- Cambia_Application Cancellation- End -->
		<!--Cambia_OEVProcess (start)-->
		<put name="oev" value="/mss/eem/jsp/eemApplOev.jsp"/>
		<!-- Cambia_OEVProcess(End)-->
		<put name="billing" value="/mss/eem/jsp/eemApplBilling.jsp"/>
		<!--   LEP-ApplicationEntrySide-Iteration1_LeftOverScope - Start 1 -->
		<put name="lepApp" value="/mss/eem/jsp/eemApplLEP.jsp" />
		<!--   LEP-ApplicationEntrySide-Iteration1_LeftOverScope - End 1 -->
		<put name="lisInfo" value="/mss/eem/jsp/eemApplLisInfo.jsp"/>
		
	</definition>
	<definition name="eemDashBoard" path="/mss/eem/jsp/eemApplDshBrd.jsp">
		<put name="header" value="/mss/common/jsp/popupHeader.jsp"/>
		<put name="menu" value="/mss/eem/jsp/eemMenu.jsp"/>
		<put name="subMenu" value="/mss/eem/jsp/eemApplDshBrdSubMenu.jsp"/>
		<put name="contents" value="/mss/eem/jsp/eemApplDshBrdContents.jsp"/>
		<put name="footer" value="/mss/common/html/popupFooter.jsp"/>
	</definition>
	<definition name="eemMbrDashBoard" path="/mss/eem/jsp/eemMbrDshBrd.jsp">
		<put name="header" value="/mss/common/jsp/popupHeader.jsp"/>
		<put name="menu" value="/mss/eem/jsp/eemMenu.jsp"/>
		<put name="subMenu" value="/mss/eem/jsp/eemMbrDshBrdSubMenu.jsp"/>
		<put name="contents" value="/mss/eem/jsp/eemMbrDshBrdContents.jsp"/>
		<put name="footer" value="/mss/common/html/popupFooter.jsp"/>
	</definition>
	<definition name="eemApplNewMbrMA" extends="eemAppl" path="/mss/eem/jsp/eemApplNewMbrMA.jsp">
		<put name="searchList" value="/mss/eem/jsp/eemApplSearchResults.jsp"/>
		<put name="enrollInfo" value="/mss/eem/jsp/eemApplEnrollInfo.jsp"/>
		<put name="applicationInfo" value="/mss/eem/jsp/eemApplInfo.jsp"/>
		<put name="personalInfo" value="/mss/eem/jsp/eemApplPersonalInfo.jsp"/>
		<put name="rxInfo" value="/mss/eem/jsp/eemApplRxInfo.jsp"/>
		<put name="medicareInfo" value="/mss/eem/jsp/eemApplMedicareInfo.jsp"/>
		<put name="premiumInfo" value="/mss/eem/jsp/eemApplPremiumInfo.jsp"/>
		<put name="questions" value="/mss/eem/jsp/eemApplQuestions.jsp"/>
		<put name="attestation" value="/mss/eem/jsp/eemApplAttestation.jsp"/>
		<put name="signature" value="/mss/eem/jsp/eemApplSignature.jsp"/>
		<put name="broker" value="/mss/eem/jsp/eemApplBrokerAgent.jsp"/>
		<put name="comments" value="/mss/eem/jsp/eemApplComments.jsp"/>
		<put name="errors" value="/mss/eem/jsp/eemApplErrors.jsp"/>
	</definition>
	<definition name="eemApplNewMbrPD" extends="eemApplNewMbrMA" path="/mss/eem/jsp/eemApplNewMbrPD.jsp"/>
	<definition name="eemCntrChgMA" extends="eemApplNewMbrMA" path="/mss/eem/jsp/eemContrChgMA.jsp"/>
	<definition name="eemCntrChgPD" extends="eemApplNewMbrMA" path="/mss/eem/jsp/eemContrChgPD.jsp"/>
	<definition name="eemEnrollment" extends="eemPageLayout" path="/mss/eem/jsp/eemEnrollment.jsp">
		<put name="enrollSearch" value="/mss/eem/jsp/eemEnrollSearch.jsp"/>
		<put name="enrollMember" value="/mss/eem/jsp/eemEnrollMbr.jsp"/>
		<put name="enrollOptions" value="/mss/eem/jsp/eemEnrollOptions.jsp"/>
		<put name="enrollResults" value="/mss/eem/jsp/eemEnrollResults.jsp"/>
		<put name="enrollErros" value="/mss/eem/jsp/eemEnrollErrors.jsp"/>
		<put name="enrollContents" value="/mss/eem/jsp/eemEnrollContents.jsp"/>
	</definition>
	<definition name="eemMedicaid" extends="eemPageLayout" path="/mss/eem/jsp/eemMedicaid360.jsp">
		<put name="medicaidSearch" value="/mss/eem/jsp/eemMedicaidSearch.jsp"/>
		<put name="medicaidMember" value="/mss/eem/jsp/eemEnrollMbr.jsp"/>
		<put name="medicaidOptions" value="/mss/eem/jsp/eemEnrollOptions.jsp"/>
		<put name="medicaidResults" value="/mss/eem/jsp/eemMedicaidResults.jsp"/>
		<put name="medicaidErrors" value="/mss/eem/jsp/eemMedicaidErrors.jsp"/>
		<put name="medicaidContents" value="/mss/eem/jsp/eemMedicaidContents.jsp"/>
	</definition>
	<definition name="eemApprovals" extends="eemPageLayout" path="/mss/eem/jsp/eemSuprvsrApprovals.jsp">
		<put name="supSearch" value="/mss/eem/jsp/eemSuprvsrSearch.jsp"/>
		<put name="supOptions" value="/mss/eem/jsp/eemSuprvsrOptions.jsp"/>
		<put name="supResults" value="/mss/eem/jsp/eemSuprvsrResults.jsp"/>
	</definition>
	<definition name="eemGrpSvcLayout" extends="eemPageLayout" path="/mss/eem/jsp/eemGrpSvcLayout.jsp">
		<put name="options" value="/mss/eem/jsp/eemGroupOptions.jsp"/>
	</definition>
	<definition name="eemGroups" extends="eemGrpSvcLayout" path="/mss/eem/jsp/eemGroups.jsp">
		<put name="search" value="/mss/eem/jsp/eemGroupsSearch.jsp"/>
		<put name="searchList" value="/mss/eem/jsp/eemGroupsSearchResults.jsp"/>
		<put name="groupsDetail" value="/mss/eem/jsp/eemGroupsDetail.jsp"/>
		<put name="groupsAddressList" value="/mss/eem/jsp/eemGroupsAddressList.jsp"/>
		<put name="groupsAddressDetail" value="/mss/eem/jsp/eemGroupsAddressDetail.jsp"/>
	</definition>
	<definition name="eemProducts" extends="eemGrpSvcLayout" path="/mss/eem/jsp/eemProducts.jsp">
		<put name="search" value="/mss/eem/jsp/eemProductsSearch.jsp"/>
		<put name="searchList" value="/mss/eem/jsp/eemProductsSearchResults.jsp"/>
		<put name="productsDetail" value="/mss/eem/jsp/eemProductsDetail.jsp"/>
	</definition>
	<definition name="eemSvcAreas" extends="eemGrpSvcLayout" path="/mss/eem/jsp/eemSvcAreas.jsp">
		<put name="search" value="/mss/eem/jsp/eemSvcAreasSearch.jsp"/>
		<put name="searchList" value="/mss/eem/jsp/eemSvcAreasSearchResults.jsp"/>
		<put name="svcAreasDetail" value="/mss/eem/jsp/eemSvcAreasDetail.jsp"/>
	</definition>
	<definition name="eemLetterReq" extends="eemPageLayout" path="/mss/eem/jsp/eemLetterReq.jsp">
		<put name="search" value="/mss/eem/jsp/eemLetterReqSearch.jsp"/>
		<put name="results" value="/mss/eem/jsp/eemLetterReqSearchResults.jsp"/>
		<put name="detail" value="/mss/eem/jsp/eemLetterReqDetails.jsp"/>
	</definition>
	<definition name="eemLetterReview" extends="eemPageLayout" path="/mss/eem/jsp/eemLetterReview.jsp">
		<put name="submenu" value="/mss/eem/jsp/eemLetterReviewSubMenu.jsp"/>
		<put name="search" value="/mss/eem/jsp/eemLetterReviewSearch.jsp"/>
		<put name="results" value="/mss/eem/jsp/eemLetterReviewSearchResults.jsp"/>
		<put name="detail" value="/mss/eem/jsp/eemLetterReviewDetails.jsp"/>
	</definition>
	<definition name="eemLetterReviewGenerate" extends="eemPageLayout" path="/mss/eem/jsp/eemLetterReviewGenerate.jsp">
		<put name="submenu" value="/mss/eem/jsp/eemLetterReviewSubMenu.jsp"/>
		<put name="body" value="/mss/eem/jsp/eemLetterReviewGenerateBody.jsp"/>
	</definition>
	<!-- Begin: Added for Letter Review Upload -->
	<definition name="eemLetterReviewUpload" extends="eemPageLayout" path="/mss/eem/jsp/eemLetterReviewUpload.jsp">
		<put name="submenu" value="/mss/eem/jsp/eemLetterReviewSubMenu.jsp"/>
		<put name="body" value="/mss/eem/jsp/eemLetterReviewUploadContent.jsp"/>
	</definition>
	<!-- End: Added for Letter Review Upload -->
	<!--  Begin: Added for Letter Review QC -->
	<definition name="eemLetterReviewQC" extends="eemLetterReview" path="/mss/eem/jsp/eemLetterReviewQC.jsp">
		<put name="submenu" value="/mss/eem/jsp/eemLetterReviewSubMenu.jsp"/>
		<put name="body" value="/mss/eem/jsp/eemLetterReviewQCContent.jsp"/>
		<put name="results" value="/mss/eem/jsp/eemLetterReviewQCSearchResults.jsp"/>
	</definition>
	<!--  End: Added for Letter Review QC  -->
	<!-- //IFOX-00426356: Attachment CR Start -->
	<definition name="eemLetterReviewAttachment" extends="eemLetterReview" path="/mss/eem/jsp/eemLetterReviewAttachment.jsp">
		<put name="submenu" value="/mss/eem/jsp/eemLetterReviewSubMenu.jsp"/>
		<put name="search" value="/mss/eem/jsp/eemLetterAttachmentSearch.jsp"/>
		<put name="upload" value="/mss/eem/jsp/eemLetterAttachmentUpload.jsp"/>
		<put name="results" value="/mss/eem/jsp/eemLetterAttachmentSearchResults.jsp"/>
	</definition>
	<!-- //IFOX-00426356: Attachment CR End -->
	<definition name="eemBillInvoice" extends="eemPageLayout" path="/mss/eem/jsp/eemBillInvoice.jsp">
		<put name="submenu" value="/mss/eem/jsp/eemBillingSubMenu.jsp"/>
		<put name="search" value="/mss/eem/jsp/eemBillInvoiceSearch.jsp"/>
		<put name="searchResults" value="/mss/eem/jsp/eemBillInvoiceSearchResults.jsp"/>
		<put name="headerDetails" value="/mss/eem/jsp/eemBillInvoiceHeaderDetails.jsp"/>
		<put name="listDetail" value="/mss/eem/jsp/eemBillInvoiceDetailList.jsp"/>
		<put name="detailDetails" value="/mss/eem/jsp/eemBillInvoiceDetailDetails.jsp"/>
		<put name="comments" value="/mss/eem/jsp/eemBillInvoiceComments.jsp"/>
	</definition>

<!-- ADDED FOR MMO ACH DRAFT CR - START -->

	<definition name="eemBillDraft" extends="eemPageLayout" path="/mss/eem/jsp/eemBillDraft.jsp">
		<put name="submenu" value="/mss/eem/jsp/eemBillingSubMenu.jsp" />
		<put name="search" value="/mss/eem/jsp/eemBillDraftSearch.jsp" />
		<put name="searchResults" value="/mss/eem/jsp/eemBillDraftSearchResults.jsp" />
	<!--<put name="headerDetails" value="/mss/eem/jsp/eemBillDraftHeaderDetails.jsp" /> --> 
    	<put name="listDetail" value="/mss/eem/jsp/eemBillDraftDetailList.jsp" /> 
		<put name="detailDetails" value="/mss/eem/jsp/eemBillDraftDetailDetails.jsp" />
	<!--	<put name="comments" value="/mss/eem/jsp/eemBillDraftComments.jsp" />  --> 
	</definition>
 <!-- ADDED FOR MMO ACH DRAFT CR - END -->

	<definition name="eemBillPayments" extends="eemPageLayout" path="/mss/eem/jsp/eemBillPayments.jsp">
		<put name="submenu" value="/mss/eem/jsp/eemBillingSubMenu.jsp"/>
		<put name="search" value="/mss/eem/jsp/eemBillPaymentsSearch.jsp"/>
		<put name="searchResults" value="/mss/eem/jsp/eemBillPaymentsSearchResults.jsp"/>
		<put name="headerDetails" value="/mss/eem/jsp/eemBillPaymentsHeaderDetails.jsp"/>
		<put name="listDetail" value="/mss/eem/jsp/eemBillPaymentsDetailList.jsp"/>
		<put name="detailDetails" value="/mss/eem/jsp/eemBillPaymentsDetailDetails.jsp"/>
	</definition>
	<definition name="eemBillMembPayments" extends="eemPageLayout" path="/mss/eem/jsp/eemBillMemberPayments.jsp">
		<put name="submenu" value="/mss/eem/jsp/eemBillingSubMenu.jsp"/>
		<put name="search" value="/mss/eem/jsp/eemBillMembPaymentsSearch.jsp"/>
		<put name="searchResults" value="/mss/eem/jsp/eemBillMembPaymentsList.jsp"/>
		<put name="headerDetails" value="/mss/eem/jsp/eemBillMembPaymentsDetails.jsp"/>
	</definition>
	<definition name="eemBillPaymentsNew" extends="eemPageLayout" path="/mss/eem/jsp/eemBillPaymentsNew.jsp">
		<put name="submenu" value="/mss/eem/jsp/eemBillingSubMenu.jsp"/>
		<put name="headerDetails" value="/mss/eem/jsp/eemBillPaymentsNewHeader.jsp"/>
		<put name="detailDetails" value="/mss/eem/jsp/eemBillPaymentsAddDetails.jsp"/>
	</definition>
	<definition name="eemEnrollGPSearch" path="/mss/eem/jsp/eemEnrollGrpPrdLayout.jsp">
		<put name="header" value="/mss/common/jsp/popupHeader.jsp"/>
		<put name="search" value="/mss/eem/jsp/eemEnrollGrpPrdSearch.jsp"/>
		<put name="results" value="/mss/eem/jsp/eemEnrollGrpPrdResults.jsp"/>
		<put name="footer" value="/mss/common/html/popupFooter.jsp"/>
	</definition>
	<definition name="eemEnrollPcpSearch" path="/mss/eem/jsp/eemEnrollPcpSearchLayout.jsp">
		<put name="header" value="/mss/common/jsp/popupHeader.jsp"/>
		<put name="search" value="/mss/eem/jsp/eemEnrollPcpSearch.jsp"/>
		<put name="results" value="/mss/eem/jsp/eemEnrollPcpResults.jsp"/>
		<put name="footer" value="/mss/common/html/popupFooter.jsp"/>
	</definition>
	<!-- IFOX-00399921 LTC Tab. START -->
	<definition name="eemEnrollLtcSearch" path="/mss/eem/jsp/eemEnrollLtcSearchLayout.jsp">
		<put name="header" value="/mss/common/jsp/popupHeader.jsp"/>
		<put name="search" value="/mss/eem/jsp/eemEnrollLtcSearch.jsp"/>
		<put name="results" value="/mss/eem/jsp/eemEnrollLtcResults.jsp"/>
		<put name="footer" value="/mss/common/html/popupFooter.jsp"/>
	</definition>
	<!-- IFOX-00399921 LTC Tab. END -->
	<!-- Cambia_Timers- start -->
	<definition name="eemTimers" extends="eemPageLayout" path="/mss/eem/jsp/eemTimers.jsp">
		<put name="search" value="/mss/eem/jsp/eemTimersSearch.jsp"/>
		<put name="options" value="/mss/eem/jsp/eemTimersOption.jsp"/>
		<put name="content" value="/mss/eem/jsp/eemTimersContent.jsp"/>
	</definition>
	<!--Cambia_Timers- End -->
	<!-- Cambia_SUC_Security_Roles - Start -->
	<definition name="eemSecurityRoles" extends="eemPageLayout" path="/mss/eem/jsp/eemSecurityRoles.jsp">
		<put name="secUser" value="/mss/eem/jsp/eemSecRolesUser.jsp"/>
		<put name="secInfo" value="/mss/eem/jsp/eemSecRolesInfo.jsp"/>
	</definition>
	<!-- Cambia_SUC_Security_Roles - End-->
	<!-- WorkFlow changes starts -->
	<definition name="eemWorkFlow" extends="eemPageLayout" path="/mss/eem/jsp/eemWorkFlow.jsp">
		<put name="wfUserSearchDashboard" value="/mss/eem/jsp/eemWFSearchDashboard.jsp"/>
		<put name="wfUserAgreements" value="/mss/eem/jsp/eemWFUserAgreements.jsp"/>
		<put name="wfUserQueues" value="/mss/eem/jsp/eemWFUserQueues.jsp"/>
		<put name="wfUserQActivities" value="/mss/eem/jsp/eemWFUserQActivities.jsp"/>
	</definition>
	<definition name="eemCOBFlow" extends="eemPageLayout" path="/mss/eem/jsp/eemCOBFlow.jsp">
		<put name="cobSearch" value="/mss/eem/jsp/eemCobSearch.jsp"/>
		<put name="cobMgmtDetails" value="/mss/eem/jsp/eemCobMgmtDetails.jsp"/>
	</definition>
	<definition name="eemWorkFlowAdminHistory" extends="eemPageLayout" path="/mss/eem/jsp/eemWFAdminHistory.jsp">
		<put name="wfAdminHistSearch" value="/mss/eem/jsp/eemWFAdminHistSearch.jsp"/>
		<put name="wfAdminHistDetail" value="/mss/eem/jsp/eemWFAdminHistDetail.jsp"/>
	</definition>
	<definition name="eemSupervisorWorkFlow" extends="eemPageLayout" path="/mss/eem/jsp/eemSupervisorWorkFlow.jsp">
		<put name="supervisorHeader" value="/mss/eem/jsp/eemSupervisorHeader.jsp"/>
		<put name="supervisorQueues" value="/mss/eem/jsp/eemSupervisorQueues.jsp"/>
		<put name="supervisorUsers" value="/mss/eem/jsp/eemSupervisorUsers.jsp"/>
		<put name="userDetails" value="/mss/eem/jsp/eemSupervisorUserDetail.jsp"/>
	</definition>
	<definition name="eemAdminWorkFlow" extends="eemPageLayout" path="/mss/eem/jsp/eemAdminWorkFlow.jsp">
		<put name="adminHeader" value="/mss/eem/jsp/eemAdminHeader.jsp"/>
		<put name="adminQueues" value="/mss/eem/jsp/eemAdminQueues.jsp"/>
		<put name="adminUsers" value="/mss/eem/jsp/eemAdminUsers.jsp"/>
		<put name="userDetails" value="/mss/eem/jsp/eemAdminUserDetail.jsp"/>
	</definition>
	<definition name="eemAdminSummary" extends="eemPageLayout" path="/mss/eem/jsp/eemAdminSummary.jsp">
		<put name="adminHeader" value="/mss/eem/jsp/eemAdminSummaryHeader.jsp"/>
		<put name="adminQueues" value="/mss/eem/jsp/eemAdminSummaryQueues.jsp"/>
	</definition>
	<definition name="eemAdminAddUsers" extends="eemPageLayout" path="/mss/eem/jsp/eemAdminAddUsers.jsp">
		<put name="addUser" value="/mss/eem/jsp/eemAddUser.jsp"/>
	</definition>
	<!-- WorkFlow changes ends -->
</tiles-definitions>
