<?xml version="1.0" encoding="UTF-8"?>
	<!DOCTYPE struts-config PUBLIC "-//Apache Software Foundation//DTD Struts Configuration 1.1//EN" "http://jakarta.apache.org/struts/dtds/struts-config_1_1.dtd">
<struts-config>
	<!-- Data Sources -->
	<data-sources/>
	<!-- Form Beans -->
	<form-beans>
		<form-bean name="eemApplForm" type="com.ps.mss.web.forms.EEMApplForm"/>
		<form-bean name="eemDshBrdForm" type="com.ps.mss.web.forms.EEMDshBrdForm"/>
		<form-bean name="eemMbrDshBrdForm" type="com.ps.mss.web.forms.EEMMbrDshBrdForm"/>
		<form-bean name="eemSupvsrForm" type="com.ps.mss.web.forms.EEMSupvsrForm"/>
		<form-bean name="eemEnrollForm" type="com.ps.mss.web.forms.EEMEnrollForm"/>
		<form-bean name="eemMedicaidForm" type="com.ps.mss.web.forms.EEMMedicaidForm"/>
		<form-bean name="eemGroupForm" type="com.ps.mss.web.forms.EEMGroupForm"/>
		<form-bean name="eemLetterReqForm" type="com.ps.mss.web.forms.EEMLetterReqForm"/>
		<form-bean name="eemLetterReviewGenerateForm" type="com.ps.mss.web.forms.EEMLetterReviewGenerateForm"/>
		<form-bean name="eemLetterReviewDetailForm" type="com.ps.mss.web.forms.EEMLetterReviewDetailForm"/>
		<form-bean name="eemEnrollGPSearchForm" type="com.ps.mss.web.forms.EEMEnrollGPSearchForm"/>
		<form-bean name="eemEnrollPcpSearchForm" type="com.ps.mss.web.forms.EEMEnrollPcpSearchForm"/>
		<!-- IFOX-00399921 LTC Tab. START -->
		<form-bean name="eemEnrollLtcSearchForm" type="com.ps.mss.web.forms.EEMEnrollLtcSearchForm"/>
		<!-- IFOX-00399921 LTC Tab. END -->
		
		<!-- IFOX-00427238-June 2020 CMS changes - start  -->
		<form-bean name="eemTrrDataForm" type="com.ps.mss.web.forms.EEMTrrDataForm"/>
		<!-- IFOX-00427238- June 2020 CMS changes - end  -->
		
		<form-bean name="eemBillInvoiceForm" type="com.ps.mss.web.forms.EEMBillInvoiceForm"/>
		<form-bean name="eemBillDraftForm" type="com.ps.mss.web.forms.EEMBillDraftForm"/>
		<form-bean name="eemBillPaymentsForm" type="com.ps.mss.web.forms.EEMBillPaymentsForm"/>
		<form-bean name="eemBillMembPaymentsForm" type="com.ps.mss.web.forms.EEMBillMembPaymentsForm"/>
		<!--Cambia_Timers - Start -->
		<form-bean name="eemTimersForm" type="com.ps.mss.web.forms.EEMTimersForm"/>
		<!--Cambia_Timers - End -->
		<!-- CAmbia_SUC_Security_Roles - Start -->
		<form-bean name="eemSecurityRolesForm" type="com.ps.mss.web.forms.EEMSecurityRolesForm"/>
		<!-- cambia_SUC_Security_Roles- End -->
		<!--  Begin: Added for Letter Review QC  -->
		<form-bean name="eemLetterReviewQCForm" type="com.ps.mss.web.forms.EEMLetterReviewQCForm"/>
		<!--  End: Added for Letter Review QC   -->
		<!-- Begin: Added for Letter Review Upload -->
		<form-bean name="eemLetterUploadForm" type="com.ps.mss.web.forms.EEMLetterUploadForm"/>
		<!-- End : Added for Letter Review Upload -->
		<!-- //IFOX-00426356: Attachment CR Start -->
		<form-bean name="eemLetterReviewAttachmentForm" type="com.ps.mss.web.forms.EEMLetterReviewAttachmentForm"/>
		<!-- //IFOX-00426356: Attachment CR End -->
		<!-- WorkFlow changes starts -->
		<form-bean name="eemWorkFlowForm" type="com.ps.mss.web.forms.EEMWorkFlowForm"/>
		<!-- WorkFlow changes ends -->
		<!-- COB changes starts -->
		 <form-bean name="eemCobFlowForm" type="com.ps.mss.web.forms.EEMCobFlowForm"/> 
		<!-- COB changes ends -->
	</form-beans>
	<global-forwards>
		<forward name="eemEmpty" path="eemEmpty"/>
		<forward name="eemEligibility" path="eemEligibility"/>
		<forward name="eemAppl" path="eemAppl"/>
		<forward name="eemEnrollment" path="eemEnrollment"/>
		<forward name="eemMedicaid" path="eemMedicaid360"/>
		<forward name="eemApprovals" path="eemApprovals"/>
		<forward name="eemDashBoard" path="eemDashBoard"/>
		<forward name="eemMbrDashBoard" path="eemMbrDashBoard"/>
		<forward name="eemGroup" path="eemGroups"/>
		<forward name="eemApplNewMbrMA" path="eemApplNewMbrMA"/>
		<forward name="eemApplNewMbrPD" path="eemApplNewMbrPD"/>
		<forward name="eemCntrChgMA" path="eemCntrChgMA"/>
		<forward name="eemCntrChgPD" path="eemCntrChgPD"/>
		<forward name="eemCityZipSearch" path="/mss/eem/jsp/eemApplCityZipSearch.jsp"/>
		<forward name="eemProdSearch" path="/mss/eem/jsp/eemApplProductSearch.jsp"/>
		<forward name="eemPcpSearch" path="/mss/eem/jsp/eemApplPCPSearch.jsp"/>
		<forward name="eemEligCheck" path="/mss/eem/jsp/eemApplEligCheck.jsp"/>
		<forward name="eemGroups" path="eemGroups"/>
		<forward name="eemProducts" path="eemProducts"/>
		<forward name="eemSvcAreas" path="eemSvcAreas"/>
		<forward name="eemLetterReq" path="eemLetterReq"/>
		<forward name="eemLetterReview" path="eemLetterReview"/>
		<forward name="eemLetterReviewGenerate" path="eemLetterReviewGenerate"/>
		<forward name="eemEnrollGPSearch" path="eemEnrollGPSearch"/>
		<forward name="eemEnrollPcpSearch" path="eemEnrollPcpSearch"/>
		<!-- IFOX-00399921 LTC Tab. START -->
		<forward name="eemEnrollLtcSearch" path="eemEnrollLtcSearch"/>
		<!-- IFOX-00399921 LTC Tab. END -->
		<forward name="eemError" path="/mss/jsp/windowErrorPage.jsp"/>
		<forward name="eemBillInvoice" path="eemBillInvoice"/>
		<forward name="eemBillDraft" path="eemBillDraft"></forward>
		<forward name="eemBillPayments" path="eemBillPayments"/>
		<forward name="eemBillPaymentsNew" path="eemBillPaymentsNew"/>
		<forward name="eemBillMembPayments" path="eemBillMembPayments"/>
		<forward name="eemBillMembGrpSearch" path="/mss/eem/jsp/eemBillMbrGrpSearch.jsp"/>
		
		<!--IFOX-00427238 June 2020 CMS changes - start  -->
		<forward name="eemTrrDataSearch" path="/mss/eem/jsp/eemTrrDataSearch.jsp"/>
	<!-- 	IFOX-00427238 June 2020 CMS changes - end  -->
		
		<!--Cambia_Timers - Start -->
		<forward name="eemTimers" path="eemTimers"/>
		<!--Cambia_Timers - End -->
		<!-- Cambia_SUC_Security_Roles - Start -->
		<forward name="eemSecurityRoles" path="eemSecurityRoles"/>
		<!-- cambia_SUC_Security_Roles - End -->
		<!-- @author Surya
			 UseCaseName 024_Cambia_LEP - Start 01
		-->
				<!--   LEP-ApplicationEntrySide-Iteration1_LeftOverScope - Start -->
			<forward name="lepDetailsPage" path="/mss/eem/jsp/eemApplLEPDetails.jsp"></forward>
			<forward name="NolepDetailsPage" path="/mss/eem/jsp/eemApplLEP_Empty.jsp"></forward>
			<!--   LEP-ApplicationEntrySide-Iteration1_LeftOverScope - End -->	
		<!-- @author Surya
			 UseCaseName 024_Cambia_LEP - End 01
		-->
		<!--Cambia_OEV start -->
		<forward name="oevScriptDemo" path="/mss/eem/jsp/eemOevScriptDemo.jsp"/>
		<forward name="oevMbrScriptDemo" path="/mss/eem/jsp/eemMbrOevScriptDemo.jsp"/>
		<forward name="oevScript0" path="/mss/eem/jsp/eemOevScrip0.jsp"/>
		<forward name="oevScript1" path="/mss/eem/jsp/eemOevScrip1.jsp"/>
		<forward name="oevScript2" path="/mss/eem/jsp/eemOevScrip2.jsp"/>
		<forward name="oevScript3" path="/mss/eem/jsp/eemOevScrip3.jsp"/>
		<forward name="oevScript4" path="/mss/eem/jsp/eemOevScrip4.jsp"/>
		<forward name="oevScript5" path="/mss/eem/jsp/eemOevScrip5.jsp"/>
		<forward name="oevScript6" path="/mss/eem/jsp/eemOevScrip6.jsp"/>
		<forward name="oevScript7" path="/mss/eem/jsp/eemOevScrip7.jsp"/>
		<forward name="oevScript8" path="/mss/eem/jsp/eemOevScrip8.jsp"/>
		<forward name="oevScript9" path="/mss/eem/jsp/eemOevScript9.jsp"/>
		<forward name="oevScript10" path="/mss/eem/jsp/eemOevScript10.jsp"/>
		<forward name="oevScript11" path="/mss/eem/jsp/eemOevScript11.jsp"/>
		<forward name="oevScript12" path="/mss/eem/jsp/eemOevScript12.jsp"/>
		<forward name="oevScript13" path="/mss/eem/jsp/eemOevScriptIDMAPD10.jsp"/>
		<forward name="oevScript14" path="/mss/eem/jsp/eemOevScriptIDMAPDENH11.jsp"/>
		<forward name="oevScript15" path="/mss/eem/jsp/eemOevScriptORMAPDCLA.jsp"/>
		<forward name="oevScript16" path="/mss/eem/jsp/eemOevScriptORMAPDENH.jsp"/>
		<forward name="oevScript17" path="/mss/eem/jsp/eemOevScriptUTMAPDCLA.jsp"/>
		<forward name="oevScript18" path="/mss/eem/jsp/eemOevScriptUTMAPDENH.jsp"/>
		<forward name="oevScript19" path="/mss/eem/jsp/eemOevScriptWAMAPDCLA.jsp"/>
		<forward name="oevScript20" path="/mss/eem/jsp/eemOevScriptASPDPBasic.jsp"/>
		<forward name="oevScript21" path="/mss/eem/jsp/eemOevScriptASPDPEnh.jsp"/>
		<forward name="oevScript22" path="/mss/eem/jsp/eemOevScriptIDPDPBasic.jsp"/>
		<forward name="oevScript23" path="/mss/eem/jsp/eemOevScriptIDPDPEnh.jsp"/>
		<forward name="oevScript24" path="/mss/eem/jsp/eemOevScriptUTPDPBasic.jsp"/>
		<forward name="oevScript25" path="/mss/eem/jsp/eemOevScriptUTPDPEnh.jsp"/>
		<forward name="oevScript27" path="/mss/eem/jsp/eemOevScriptWAMADH5009.jsp"/>
		<forward name="oevMbrScript0" path="/mss/eem/jsp/eemOevMbrScrip0.jsp"/>
		<forward name="oevMbrScript1" path="/mss/eem/jsp/eemMbrOevScrip1.jsp"/>
		<forward name="oevMbrScript2" path="/mss/eem/jsp/eemMbrOevScrip2.jsp"/>
		<forward name="oevMbrScript3" path="/mss/eem/jsp/eemMbrOevScrip3.jsp"/>
		<forward name="oevMbrScript4" path="/mss/eem/jsp/eemMbrOevScrip4.jsp"/>
		<forward name="oevMbrScript5" path="/mss/eem/jsp/eemMbrOevScrip5.jsp"/>
		<forward name="oevMbrScript6" path="/mss/eem/jsp/eemMbrOevScrip6.jsp"/>
		<forward name="oevMbrScript7" path="/mss/eem/jsp/eemMbrOevScrip7.jsp"/>
		<forward name="oevMbrScript8" path="/mss/eem/jsp/eemMbrOevScrip8.jsp"/>
		<forward name="oevMbrScript9" path="/mss/eem/jsp/eemMbrOevScript9.jsp"/>
		<forward name="oevMbrScript10" path="/mss/eem/jsp/eemMbrOevScript10.jsp"/>
		<forward name="oevMbrScript11" path="/mss/eem/jsp/eemMbrOevScript11.jsp"/>
		<forward name="oevMbrScript12" path="/mss/eem/jsp/eemMbrOevScript12.jsp"/>
		<forward name="oevMbrScript13" path="/mss/eem/jsp/eemMbrOevScriptIDMAPD10.jsp"/>
		<forward name="oevMbrScript14" path="/mss/eem/jsp/eemMbrOevScriptIDMAPDENH11.jsp"/>
		<forward name="oevMbrScript15" path="/mss/eem/jsp/eemMbrOevScriptORMAPDCLA.jsp"/>
		<forward name="oevMbrScript16" path="/mss/eem/jsp/eemMbrOevScriptORMAPDENH.jsp"/>
		<forward name="oevMbrScript17" path="/mss/eem/jsp/eemMbrOevScriptUTMAPDCLA.jsp"/>
		<forward name="oevMbrScript18" path="/mss/eem/jsp/eemMbrOevScriptUTMAPDENH.jsp"/>
		<forward name="oevMbrScript19" path="/mss/eem/jsp/eemMbrOevScriptWAMAPDCLA.jsp"/>
		<forward name="oevMbrScript20" path="/mss/eem/jsp/eemMbrOevScriptASPDPBasic.jsp"/>
		<forward name="oevMbrScript21" path="/mss/eem/jsp/eemMbrOevScriptASPDPEnh.jsp"/>
		<forward name="oevMbrScript22" path="/mss/eem/jsp/eemMbrOevScriptIDPDPBasic.jsp"/>
		<forward name="oevMbrScript23" path="/mss/eem/jsp/eemMbrOevScriptIDPDPEnh.jsp"/>
		<forward name="oevMbrScript24" path="/mss/eem/jsp/eemMbrOevScriptUTPDPBasic.jsp"/>
		<forward name="oevMbrScript25" path="/mss/eem/jsp/eemMbrOevScriptUTPDPEnh.jsp"/>
		<forward name="oevMbrScript27" path="/mss/eem/jsp/eemMbrOevScriptWAMADH5009.jsp"/>
		<!-- Cambia_OEV  end -->
		<!-- Begin: Added for Letter Review Upload -->
		<forward name="eemLetterReviewUpload" path="eemLetterReviewUpload"/>
		<!-- End: Added for Letter Review Upload -->
		<!--  Begin: Added for Letter Review LetterQC  -->
		<forward name="eemLetterReviewQC" path="eemLetterReviewQC"/>
		<!--  End: Added for Letter Review LetterQC -->
		<!-- //IFOX-00426356: Attachment CR Start -->
			<forward name="eemLetterReviewAttachment" path="eemLetterReviewAttachment"/>
		<!-- //IFOX-00426356: Attachment CR End -->
		<!--  Begin: Added for Agency lookup screen functionality -->
		<forward name="eemApplAgencySearch" path="/mss/eem/jsp/eemApplAgencySearch.jsp"/>
		
		<forward name="eemApplAgencySearchNew" path="/mss/eem/jsp/eemApplAgencySearchNew.jsp"/>
		
		<forward name="eemEnrollAgencySearch" path="/mss/eem/jsp/eemEnrollAgencySearch.jsp"/>
		
		<forward name="eemEnrollAgencySearchNew" path="/mss/eem/jsp/eemEnrollAgencySearchNew.jsp"/>
		<!--  End: Added for Agency lookup screen functionality -->
	<!-- WorkFLow changes starts -->
		<forward name="eemWorkFlow" path="eemWorkFlow"/>
		<forward name="eemCOBFlow" path="eemCOBFlow"/>
		<forward name="medicaidFlow" path="eemMedicaid"/>
		
		<!-- WorkFLow changes starts -->
		<!-- WorkFLow supervisor changes starts -->
		<forward name="getSupervisor" path="eemSupervisorWorkFlow"/>
		<forward name="getAdminWorkflow" path="eemAdminWorkFlow"/>
		<forward name="getAdminSummary" path="eemAdminSummary"/>
		<forward name="addUser" path="eemAdminAddUsers"/>
		<!-- WorkFLow supervisor changes starts -->
		<!-- 045_QueChar chagnes start-->
		<forward name="getQueChar" path="/mss/eem/jsp/eemEnrollQueCharInfo.jsp"/>
		<!-- 045_QueChar chagnes End-->
		<!-- 045_UserList chagnes start-->
		<forward name="getUserList" path="/mss/eem/jsp/eemWFUserList.jsp"/>
		<!-- 045_UserList chagnes End-->
		<!-- 045_AssignActivity start-->
		<forward name="getAssignActivity" path="/mss/eem/jsp/eemWFAssignActivityInfo.jsp"/>
		<!-- 045_AssignActivity End-->
		<!-- 045_CloseAssignActivity start-->
		<forward name="closeAssignActivity" path="/mss/eem/jsp/eemWFCloseAssignActivityInfo.jsp"/>
		<!-- 045_CloseAssignActivity End-->
		<!-- 045_AtRisk changes start-->
		<forward name="getAtRisk" path="/mss/eem/jsp/eemWFAtRiskInfo.jsp"/>
		<!-- 045_AtRisk changes end-->	 
        <forward name="eemWorkFlowAdminHistory" path="eemWorkFlowAdminHistory"/>
	</global-forwards>
	<!-- Action Mappings -->
	<action-mappings>
		<action path="/eemAction" scope="request" type="com.ps.mss.web.actions.EEMAction" name="eemApplForm" parameter="method"/>
		<action path="/eemActionDshBrd" scope="request" type="com.ps.mss.web.actions.EEMAction" name="eemDshBrdForm" parameter="method"/>
		<action path="/eemActionMbrDshBrd" scope="request" type="com.ps.mss.web.actions.EEMAction" name="eemMbrDshBrdForm" parameter="method"/>
		<action path="/eemActionSupvsr" scope="request" type="com.ps.mss.web.actions.EEMAction" name="eemSupvsrForm" parameter="method"/>
		<action path="/eemActionEnroll" scope="request" type="com.ps.mss.web.actions.EEMAction" name="eemEnrollForm" parameter="method"/>
		<action path="/eemActionMedicaid" scope="request" type="com.ps.mss.web.actions.EEMAction" name="eemMedicaidForm" parameter="method"/>
		<action path="/eemActionGroup" scope="request" type="com.ps.mss.web.actions.EEMAction" name="eemGroupForm" parameter="method"/>
		<action path="/eemActionLetterReq" scope="request" type="com.ps.mss.web.actions.EEMAction" name="eemLetterReqForm" parameter="method"/>
		<action path="/eemActionLetterReview" scope="request" type="com.ps.mss.web.actions.EEMAction" name="eemLetterReviewDetailForm" parameter="method"/>
		<action path="/eemActionLetterReviewGenerate" scope="request" type="com.ps.mss.web.actions.EEMAction" name="eemLetterReviewGenerateForm" parameter="method"/>
		<action path="/eemActionBillInvoice" scope="request" type="com.ps.mss.web.actions.EEMAction" name="eemBillInvoiceForm" parameter="method"/>
		<action path="/eemActionBillDraft" scope="request" type="com.ps.mss.web.actions.EEMAction" name="eemBillDraftForm" parameter="method"/>
		<action path="/eemActionBillPayments" scope="request" type="com.ps.mss.web.actions.EEMAction" name="eemBillPaymentsForm" parameter="method"/>
		<action path="/eemActionBillMembPayments" scope="request" type="com.ps.mss.web.actions.EEMAction" name="eemBillMembPaymentsForm" parameter="method"/>
		<action path="/eemActionEnrollGPSearch" scope="request" type="com.ps.mss.web.actions.EEMPopUpAction" name="eemEnrollGPSearchForm" parameter="method"/>
		<action path="/eemActionEnrollPcpSearch" scope="request" type="com.ps.mss.web.actions.EEMPopUpAction" name="eemEnrollPcpSearchForm" parameter="method"/>
		
		<!-- IFOX-00427238 June 2020 CMS changes - start -->
		<action path="/eemActionTrrData" scope="request" type="com.ps.mss.web.actions.EEMPopUpAction" name="eemTrrDataForm" parameter="method"/>
		<!-- IFOX-00427238 June 2020 CMS changes - end -->
		
		<!-- IFOX-00399921 LTC Tab. START -->
		<action path="/eemActionEnrollLtcSearch" scope="request" type="com.ps.mss.web.actions.EEMPopUpAction" name="eemEnrollLtcSearchForm" parameter="method"/>
		<!-- IFOX-00399921 LTC Tab. END -->
		<!--Cambia_Timers - Start -->
		<action path="/eemActionTimers" scope="request" type="com.ps.mss.web.actions.EEMTimersAction" name="eemTimersForm" parameter="method"/>
		<!--Cambia_Timers - End -->
		<!-- Cambia_SUC_Security_Roles - Start -->
		<action path="/eemActionSecurity" scope="request" type="com.ps.mss.web.actions.EEMSecurityAction" name="eemSecurityRolesForm" parameter="method"/>
		<!-- Cambia_SUC_Security_Roles - End -->
		<!-- WorkFlow changes starts -->
		<action path="/eemActionWorkFlow" scope="request" type="com.ps.mss.web.actions.EEMWorkFlowAction" name="eemWorkFlowForm" parameter="method"/>
		<!-- WorkFlow changes ends -->
		<!-- Begin: Added for Letter Review Upload -->
		<action path="/letterReviewUpload" scope="request" type="com.ps.mss.web.actions.EEMAction" name="eemLetterUploadForm" parameter="method"/>
		<!-- End: Added for Letter Review Upload -->
		<!--  Begin: Added for Letter Review QC -->
		<action path="/letterReviewQC" scope="request" type="com.ps.mss.web.actions.EEMAction" name="eemLetterReviewQCForm" parameter="method"/>
		<!--  End: Added for Letter Review QC -->
		<!-- //IFOX-00426356: Attachment CR Start -->
		<action path="/letterReviewAttachment" scope="request" type="com.ps.mss.web.actions.EEMAction" name="eemLetterReviewAttachmentForm" parameter="method"/>
		<!-- //IFOX-00426356: Attachment CR End -->
		<!-- Cob changes starts -->
		 <action path="/eemActionCob" scope="request" type="com.ps.mss.web.actions.EEMCobAction" name="eemCobFlowForm" parameter="method"/> 
		<!-- Cob changes ends -->
	</action-mappings>
	<message-resources parameter="mss.resources.EEMProperties" key="eemResource"/>
</struts-config>
