<?xml version="1.0" encoding="ISO-8859-1"?>
<!DOCTYPE tiles-definitions PUBLIC "-//Apache Software Foundation//DTD Tiles Configuration 1.1//EN"
                                   "http://jakarta.apache.org/struts/dtds/tiles-config_1_1.dtd">
<tiles-definitions>
	<definition name="hpeDashboard" path="/mss/hpe/jsp/hpeDashboard.jsp">
		<put name="header" value="/mss/common/jsp/popupWideHeader.jsp" />
		<put name="menu" value="/mss/hpe/jsp/hpeMenu.jsp" />
		<put name="search" value="/mss/hpe/jsp/hpeDashSearch.jsp" />
		<put name="options" value="/mss/hpe/jsp/hpeOptions.jsp" />
		<put name="contents" value="/mss/hpe/jsp/hpeDashContents.jsp" />
		<!-- //Session management  IFOX-00428243 : start -->
		<put name="footer" value="/mss/common/html/popupFooter.jsp" />
		<!-- //Session management  IFOX-00428243 : end -->	
	</definition>

	<definition name="hpeDashTree" extends="hpeDashboard">
	</definition>
	<definition name="fileTracking" path="/mss/hpe/jsp/hpeFTfileTracking.jsp">
		<put name="header" value="/mss/common/jsp/popupWideHeader.jsp" />
		<put name="menu" value="/mss/hpe/jsp/hpeMenu.jsp" />
		<put name="search" value="/mss/hpe/jsp/hpeFTfileTrackingSearch.jsp" />
		<put name="options" value="/mss/hpe/jsp/hpeFTFileOptions.jsp" />
		<put name="contents" value="/mss/hpe/jsp/hpeFTFileDashboard.jsp" />
		<put name="meDetails" value="/mss/hpe/jsp/hpeFTMonEncDetails.jsp" />
		<put name="dailyFP" value="/mss/hpe/jsp/hpeFTDailyFileProcesing.jsp" />
		<put name="failedFileList" value="/mss/hpe/jsp/hpeFTFailedFileList.jsp" />
		<put name="wiproICNProcessing" value="/mss/hpe/jsp/hpeFTWiproICNProcessing.jsp" />
		<!-- //Session management  IFOX-00428243 : start -->
		<put name="footer" value="/mss/common/html/popupFooter.jsp" />
		<!-- //Session management  IFOX-00428243 : end -->
	</definition>
	
	<definition name="exportFilenames" path="/mss/hpe/jsp/hpeFTfileTrackingExport.jsp">
		<put name="header" value="/mss/common/jsp/popupWideHeader.jsp" />
		<put name="menu" value="/mss/hpe/jsp/hpeMenu.jsp" />
		<put name="options" value="/mss/hpe/jsp/hpeFTFileOptions.jsp" />
		<put name="search2" value="/mss/hpe/jsp/hpeFTfileTrackingSearchExport.jsp" />
		<put name="contents2" value="/mss/hpe/jsp/hpeFTFileDashboardExport.jsp" />
		<!-- //Session management  IFOX-00428243 : start -->
		<put name="footer" value="/mss/common/html/popupFooter.jsp" />
	<!-- //Session management  IFOX-00428243 : end -->
	</definition>

	<definition name="hpeFileTrackTree" extends="fileTracking">
	</definition>

	<definition name="hpeFileTrackTreeExport" extends="exportFilenames">
	</definition>
	
	<definition name="instClaimOtherSubsProvBody"
		path="/mss/hpe/jsp/hpeInstClaimOtherSubsProv.jsp">
		<put name="claimOtherSubsProvList" value="/mss/hpe/jsp/hpeInstClaimOtherSubsProvList.jsp" />
		<put name="claimOtherSubsProvDetail" value="/mss/hpe/jsp/hpeInstClaimOtherSubsProvDetail.jsp" />
	</definition>

	<definition name="instClaimProvBody" path="/mss/hpe/jsp/hpeInstClaimProv.jsp">
		<put name="claimProvList" value="/mss/hpe/jsp/hpeInstClaimProvList.jsp" />
		<put name="claimProvDetail" value="/mss/hpe/jsp/hpeInstClaimProvDetail.jsp" />
		<put name="claimOtherSubsProv" value="instClaimOtherSubsProvBody"
			type="definition" />
	</definition>

	<definition name="instClaimOtherSubsBody" path="/mss/hpe/jsp/hpeInstClaimOtherSubs.jsp">
		<put name="claimOtherSubsList" value="/mss/hpe/jsp/hpeInstClaimOtherSubsList.jsp" />
		<put name="claimOtherSubsDetail" value="/mss/hpe/jsp/hpeInstClaimOtherSubsDetail.jsp" />
		<put name="claimOtherSubsProv" value="instClaimOtherSubsProvBody"
			type="definition" />
	</definition>

	<definition name="instClaimLineProvBody" path="/mss/hpe/jsp/hpeInstClaimLineProv.jsp">
		<put name="claimLineProvList" value="/mss/hpe/jsp/hpeInstClaimLineProvList.jsp" />
		<put name="claimLineProvDetail" value="/mss/hpe/jsp/hpeInstClaimLineProvDetail.jsp" />
	</definition>

	<definition name="instClaimLineAdjudBody" path="/mss/hpe/jsp/hpeInstClaimLineAdjud.jsp">
		<put name="claimLineAdjudList" value="/mss/hpe/jsp/hpeInstClaimLineAdjudList.jsp" />
		<put name="claimLineAdjudDetail" value="/mss/hpe/jsp/hpeInstClaimLineAdjudDetail.jsp" />
	</definition>

	<definition name="instClaimLineBody" path="/mss/hpe/jsp/hpeInstClaimLine.jsp">
		<put name="claimLineList" value="/mss/hpe/jsp/hpeInstClaimLineList.jsp" />
		<put name="claimLineDetail" value="/mss/hpe/jsp/hpeInstClaimLineDetail.jsp" />
		<put name="claimLineProv" value="instClaimLineProvBody" type="definition" />
		<put name="claimLineAdjud" value="instClaimLineAdjudBody" type="definition" />
	</definition>

	<definition name="instClaimBody" path="/mss/hpe/jsp/hpeInstClaim.jsp">
		<put name="claimCodes" value="/mss/hpe/jsp/hpeInstClaimCodes.jsp" />
		<put name="claimProv" value="instClaimProvBody" type="definition" />
		<put name="claimOtherSubs" value="instClaimOtherSubsBody" type="definition" />
		<put name="claimLine" value="instClaimLineBody" type="definition" />
		<put name="claimNotes" value="/mss/hpe/jsp/hpeInstClaimNotes.jsp" />
	</definition>

	<definition name="hpeInstDetail" path="/mss/hpe/jsp/hpeInstDetail.jsp">
		<put name="header" value="/mss/common/jsp/popupWideHeader.jsp" />
		<put name="menu" value="/mss/hpe/jsp/hpeMenu.jsp" />
		<put name="search" value="/mss/hpe/jsp/hpeDetailSearch.jsp" />
		<put name="options" value="/mss/hpe/jsp/hpeOptions.jsp" />
		<put name="searchResults" value="/mss/hpe/jsp/hpeInstList.jsp" />
		<put name="update" value="/mss/hpe/jsp/hpeUpdate.jsp" />
		<put name="errors" value="/mss/hpe/jsp/hpeInstErrors.jsp" />
		<put name="subscriber" value="/mss/hpe/jsp/hpeInstSubscriber.jsp" />
		<put name="claim" value="instClaimBody" type="definition" />
		<put name="provider" value="/mss/hpe/jsp/hpeInstProvider.jsp" />
		<!-- //Session management  IFOX-00428243 : start -->
		<put name="footer" value="/mss/common/html/popupFooter.jsp" />
	<!-- //Session management  IFOX-00428243 : end -->
	</definition>

	<definition name="profClaimOtherSubsProvBody"
		path="/mss/hpe/jsp/hpeProfClaimOtherSubsProv.jsp">
		<put name="claimOtherSubsProvList" value="/mss/hpe/jsp/hpeProfClaimOtherSubsProvList.jsp" />
		<put name="claimOtherSubsProvDetail" value="/mss/hpe/jsp/hpeProfClaimOtherSubsProvDetail.jsp" />
	</definition>

	<definition name="profClaimProvBody" path="/mss/hpe/jsp/hpeProfClaimProv.jsp">
		<put name="claimProvList" value="/mss/hpe/jsp/hpeProfClaimProvList.jsp" />
		<put name="claimProvDetail" value="/mss/hpe/jsp/hpeProfClaimProvDetail.jsp" />
		<put name="claimOtherSubsProv" value="profClaimOtherSubsProvBody"
			type="definition" />
	</definition>

	<definition name="profClaimOtherSubsBody" path="/mss/hpe/jsp/hpeProfClaimOtherSubs.jsp">
		<put name="claimOtherSubsList" value="/mss/hpe/jsp/hpeProfClaimOtherSubsList.jsp" />
		<put name="claimOtherSubsDetail" value="/mss/hpe/jsp/hpeProfClaimOtherSubsDetail.jsp" />
		<put name="claimOtherSubsProv" value="profClaimOtherSubsProvBody"
			type="definition" />
	</definition>

	<definition name="profClaimLineProvBody" path="/mss/hpe/jsp/hpeProfClaimLineProv.jsp">
		<put name="claimLineProvList" value="/mss/hpe/jsp/hpeProfClaimLineProvList.jsp" />
		<put name="claimLineProvDetail" value="/mss/hpe/jsp/hpeProfClaimLineProvDetail.jsp" />
	</definition>

	<definition name="profClaimLineAdjudBody" path="/mss/hpe/jsp/hpeProfClaimLineAdjud.jsp">
		<put name="claimLineAdjudList" value="/mss/hpe/jsp/hpeProfClaimLineAdjudList.jsp" />
		<put name="claimLineAdjudDetail" value="/mss/hpe/jsp/hpeProfClaimLineAdjudDetail.jsp" />
	</definition>

	<definition name="profClaimLineBody" path="/mss/hpe/jsp/hpeProfClaimLine.jsp">
		<put name="claimLineList" value="/mss/hpe/jsp/hpeProfClaimLineList.jsp" />
		<put name="claimLineDetail" value="/mss/hpe/jsp/hpeProfClaimLineDetail.jsp" />
		<put name="claimLineProv" value="profClaimLineProvBody" type="definition" />
		<put name="claimLineAdjud" value="profClaimLineAdjudBody" type="definition" />
	</definition>

	<definition name="profClaimBody" path="/mss/hpe/jsp/hpeProfClaim.jsp">
		<put name="claimCodes" value="/mss/hpe/jsp/hpeProfClaimCodes.jsp" />
		<put name="claimProv" value="profClaimProvBody" type="definition" />
		<put name="claimOtherSubs" value="profClaimOtherSubsBody" type="definition" />
		<put name="claimLine" value="profClaimLineBody" type="definition" />
	</definition>

	<definition name="hpeProfDetail" path="/mss/hpe/jsp/hpeProfDetail.jsp">
		<put name="header" value="/mss/common/jsp/popupWideHeader.jsp" />
		<put name="menu" value="/mss/hpe/jsp/hpeMenu.jsp" />
		<put name="search" value="/mss/hpe/jsp/hpeDetailSearch.jsp" />
		<put name="options" value="/mss/hpe/jsp/hpeOptions.jsp" />
		<put name="searchResults" value="/mss/hpe/jsp/hpeProfList.jsp" />
		<put name="update" value="/mss/hpe/jsp/hpeUpdate.jsp" />
		<put name="errors" value="/mss/hpe/jsp/hpeProfErrors.jsp" />
		<put name="subscriber" value="/mss/hpe/jsp/hpeProfSubscriber.jsp" />
		<put name="claim" value="profClaimBody" type="definition" />
		<put name="provider" value="/mss/hpe/jsp/hpeProfProvider.jsp" />
		<!-- //Session management  IFOX-00428243 : start -->
		<put name="footer" value="/mss/common/html/popupFooter.jsp" />
	<!-- //Session management  IFOX-00428243 : end -->
	</definition>

	<definition name="hpeSummary" path="/mss/hpe/jsp/hpeSummary.jsp">
		<put name="header" value="/mss/common/jsp/popupWideHeader.jsp" />
		<put name="menu" value="/mss/hpe/jsp/hpeMenu.jsp" />
		<put name="search" value="/mss/hpe/jsp/hpeSummSearch.jsp" />
		<put name="options" value="/mss/hpe/jsp/hpeOptions.jsp" />
		<put name="contents" value="/mss/hpe/jsp/hpeSummContents.jsp" />
		<!-- //Session management  IFOX-00428243 : start -->
		<put name="footer" value="/mss/common/html/popupFooter.jsp" />
	<!-- //Session management  IFOX-00428243 : end -->
	</definition>

	<definition name="hpeSummTree" extends="hpeSummary">
	</definition>

	<definition name="hpeSummInstRejectCodes" path="/mss/hpe/jsp/hpeSummInstRejectCodes.jsp">
		<put name="header" value="/mss/common/jsp/popupWideHeader.jsp" />
		<put name="menu" value="/mss/hpe/jsp/hpeMenu.jsp" />
		<put name="search" value="/mss/hpe/jsp/hpeSummRejectCodesSearch.jsp" />
		<put name="options" value="/mss/hpe/jsp/hpeOptions.jsp" />
		<put name="rejectCodesList" value="/mss/hpe/jsp/hpeSummInstRejectCodesList.jsp" />
		<!-- //Session management  IFOX-00428243 : start -->
		<put name="footer" value="/mss/common/html/popupFooter.jsp" />
	<!-- //Session management  IFOX-00428243 : end -->
	</definition>

	<definition name="hpeSummProfRejectCodes" path="/mss/hpe/jsp/hpeSummProfRejectCodes.jsp">
		<put name="header" value="/mss/common/jsp/popupWideHeader.jsp" />
		<put name="menu" value="/mss/hpe/jsp/hpeMenu.jsp" />
		<put name="search" value="/mss/hpe/jsp/hpeSummRejectCodesSearch.jsp" />
		<put name="options" value="/mss/hpe/jsp/hpeOptions.jsp" />
		<put name="rejectCodesList" value="/mss/hpe/jsp/hpeSummProfRejectCodesList.jsp" />
		<!-- //Session management  IFOX-00428243 : start -->
		<put name="footer" value="/mss/common/html/popupFooter.jsp" />
	<!-- //Session management  IFOX-00428243 : end -->
	</definition>

</tiles-definitions>