<?xml version="1.0" encoding="UTF-8"?>
<!DOCTYPE struts-config PUBLIC "-//Apache Software Foundation//DTD Struts Configuration 1.1//EN" "http://jakarta.apache.org/struts/dtds/struts-config_1_1.dtd">
<struts-config>

	<!-- Data Sources -->
	<data-sources>
	</data-sources>
	<!-- Form Beans -->
	<form-beans>
		<form-bean name="hpeEncounterForm" type="com.ps.mss.web.forms.HPEEncounterForm">
		</form-bean>
		<form-bean name="chartEncounterForm" type="com.ps.mss.web.forms.ChartEncounterForm">
		</form-bean>
		<form-bean name="hpeftSearchForm" type="com.ps.mss.web.forms.HPEFileTrackingForm">
		</form-bean>
	</form-beans>
	<global-forwards>
		<forward name="hpeDashboard" path="hpeDashboard"></forward>
		<forward name="hpeDashTree" path="hpeDashTree"></forward>
		<forward name="hpeInstDetail" path="hpeInstDetail"></forward>
		<forward name="hpeProfDetail" path="hpeProfDetail"></forward>
		<forward name="hpeSummary" path="hpeSummary"></forward>
		<forward name="hpeSummTree" path="hpeSummTree"></forward>
		<forward name="hpeSummInstRejectCodes" path="hpeSummInstRejectCodes"></forward>
		<forward name="hpeSummProfRejectCodes" path="hpeSummProfRejectCodes"></forward>
		<forward name="hpeChangeLogDetail" path="/mss/hpe/jsp/hpeChangeLogDetail.jsp"></forward>
		<forward name="hpeError" path="/mss/jsp/windowErrorPage.jsp"></forward>
		<forward name="hpeFileTrackTree" path="hpeFileTrackTree"></forward>
		<forward name="hpeFileTrackTreeExport" path="hpeFileTrackTreeExport"></forward>
		<forward name="fileTracking" path="fileTracking"></forward>
		<forward name="exportFilenames" path="exportFilenames"></forward>

		<forward name="chartDashboard" path="chartDashboard"></forward>
		<forward name="chartDashTree" path="chartDashTree"></forward>
		<forward name="chartInstDetail" path="chartInstDetail"></forward>
		<forward name="chartProfDetail" path="chartProfDetail"></forward>
		<forward name="chartSummary" path="chartSummary"></forward>
		<forward name="chartSummTree" path="chartSummTree"></forward>
		<forward name="chartSummInstRejectCodes" path="chartSummInstRejectCodes"></forward>
		<forward name="chartSummProfRejectCodes" path="chartSummProfRejectCodes"></forward>
		<forward name="chartChangeLogDetail" path="/mss/chartReview/jsp/chartChangeLogDetail.jsp"></forward>
		<forward name="chartError" path="/mss/jsp/windowErrorPage.jsp"></forward>
	</global-forwards>

	<!-- Action Mappings -->
	<action-mappings>
		<action path="/hpeAction" scope="request" type="com.ps.mss.web.actions.HPEAction" name="hpeEncounterForm" parameter="method">
		</action>
		<action path="/chartAction" scope="request" type="com.ps.mss.web.actions.ChartAction" name="chartEncounterForm" parameter="method">
		</action>
		<action path="/fileTrackAction" scope="request"
			type="com.ps.mss.web.actions.HPEFTAction" name="hpeftSearchForm"
			parameter="method">
		</action>
		<action path="/exportFilenamesAction" scope="request"
			type="com.ps.mss.web.actions.HPEFTAction" name="hpeftSearchForm"
			parameter="method">
			<forward name="download" path="/downloadAction.do"/> 
			
		</action>
	</action-mappings>
	
</struts-config>
