<?xml version="1.0" encoding="UTF-8"?>
<!DOCTYPE struts-config PUBLIC "-//Apache Software Foundation//DTD Struts Configuration 1.1//EN" "http://jakarta.apache.org/struts/dtds/struts-config_1_1.dtd">
<struts-config>

	<!-- Data Sources -->
	<data-sources>
	</data-sources>
	<!-- Form Beans -->
	<form-beans>
		<form-bean name="mcaidPaymentForm" type="com.ps.mss.web.forms.McaidReconPaymentForm"></form-bean>
		<form-bean name="mcaidDiscForm" type="com.ps.mss.web.forms.McaidReconDiscForm"></form-bean>
		<form-bean name="mcaidAnomForm" type="com.ps.mss.web.forms.McaidReconAnomForm"></form-bean>
		<form-bean name="mcaidFileForm" type="com.ps.mss.web.forms.McaidReconFileForm"></form-bean>
		<!-- IFOX-00407694-FCLO/WRTO Changes: start -->
		<form-bean name="mcaidFcloForm" type="com.ps.mss.web.forms.McaidReconDiscForm"></form-bean>
		<!-- IFOX-00407694-FCLO/WRTO Changes: end -->
		
	</form-beans>
	<global-forwards>
			<forward name="ILmcaidPayment" path="ILmcaidPayment"></forward>
			<forward name="ILmcaidPaymentSummary" path="ILmcaidPaymentSummary"></forward>
			<forward name="ILmcaidDisc" path="ILmcaidDisc"></forward>
			<forward name="ILmcaidDiscDetail" path="ILmcaidDiscDetail"></forward>
			<forward name="ILmcaidDiscSummary" path="ILmcaidDiscSummary"></forward>
			<forward name="ILmcaidAnom" path="ILmcaidAnom"></forward>
			<forward name="ILmcaidAnomDetail" path="ILmcaidAnomDetail"></forward>
			<forward name="ILmcaidAnomSummary" path="ILmcaidAnomSummary"></forward>
			<!-- IFOX-00407694-FCLO/WRTO Changes: start -->
			<forward name="ILmcaidDiscFCLO" path="ILmcaidDiscFCLO"></forward>
			<!-- IFOX-00407694-FCLO/WRTO Changes: end -->
			<forward name="NMmcaidPayment" path="NMmcaidPayment"></forward>
			<forward name="NMmcaidPaymentSummary" path="NMmcaidPaymentSummary"></forward>
			<forward name="NMmcaidDisc" path="NMmcaidDisc"></forward>
			<forward name="NMmcaidDiscDetail" path="NMmcaidDiscDetail"></forward>
			<forward name="NMmcaidDiscSummary" path="NMmcaidDiscSummary"></forward>
			<forward name="NMmcaidAnom" path="NMmcaidAnom"></forward>
			<forward name="NMmcaidAnomDetail" path="NMmcaidAnomDetail"></forward>
			<forward name="NMmcaidAnomSummary" path="NMmcaidAnomSummary"></forward>
			<!-- IFOX-00407694-FCLO/WRTO Changes: start -->
			<forward name="NMmcaidDiscFCLO" path="NMmcaidDiscFCLO"></forward>
			<!-- IFOX-00407694-FCLO/WRTO Changes: end -->
			<!-- <forward name="TXmcaidPayment" path="TXmcaidPayment"></forward>
			<forward name="TXmcaidDisc" path="TXmcaidDisc"></forward>
			<forward name="TXmcaidAnom" path="TXmcaidAnom"></forward> -->
			<forward name="TXmcaidPayment" path="TXmcaidPayment"></forward>
			<forward name="TXmcaidPaymentSummary" path="TXmcaidPaymentSummary"></forward>
			<forward name="TXmcaidDisc" path="TXmcaidDisc"></forward>
			<forward name="TXmcaidDiscDetail" path="TXmcaidDiscDetail"></forward>
			<forward name="TXmcaidDiscSummary" path="TXmcaidDiscSummary"></forward>
			<forward name="TXmcaidDiscDSPSummary" path="TXmcaidDiscDSPSummary"></forward>
			<forward name="TXmcaidAnom" path="TXmcaidAnom"></forward>
			<forward name="TXmcaidAnomDetail" path="TXmcaidAnomDetail"></forward>
			<forward name="TXmcaidAnomSummary" path="TXmcaidAnomSummary"></forward>	
			<!-- IFOX-00407694-FCLO/WRTO Changes: start -->
			<forward name="TXmcaidDiscFCLO" path="TXmcaidDiscFCLO"></forward>
			<!-- IFOX-00407694-FCLO/WRTO Changes: end -->
			<forward name="NMmcaidFileInventory" path="NMmcaidFileInventory"></forward>	
			<!--  Montana State New Changes : start -->
			<forward name="MTmcaidPayment" path="MTmcaidPayment"></forward>
			<forward name="MTmcaidPaymentSummary" path="MTmcaidPaymentSummary"></forward>
			<forward name="MtmcaidDisc" path="MTmcaidDisc"></forward>
			<forward name="MTmcaidDiscDetail" path="MTmcaidDiscDetail"></forward>
			<forward name="MTmcaidDiscSummary" path="MTmcaidDiscSummary"></forward>
			<forward name="MTmcaidAnom" path="MTmcaidAnom"></forward>
			<forward name="MTmcaidAnomDetail" path="MTmcaidAnomDetail"></forward>
			<forward name="MTmcaidAnomSummary" path="MTmcaidAnomSummary"></forward>
			<!--  Montana State New Changes : end -->
			<forward name="discPrint" path="/mss/jsp/MCRecon/jsp/mcaidDiscPopPrint.jsp"></forward>
			<!--  DSP Changes for PRint -->
			<forward name="discPrintDSP" path="/mss/jsp/MCRecon/jsp/mcaidDiscPopPrintDSP.jsp"></forward>
			<forward name="paymentPrint" path="/mss/jsp/MCRecon/jsp/mcaidPaymentPopPrint.jsp"></forward>
			<forward name="anomPrint" path="/mss/jsp/MCRecon/jsp/mcaidAnomPopPrint.jsp"></forward>
			<forward name="filePrint" path="/mss/jsp/MCRecon/jsp/mcaidFilesPopPrint.jsp"></forward>
			
			<forward name="waiverCodes " path="/mss/jsp/MCRecon/jsp/WaiverCodes.jsp"></forward>

	</global-forwards>

	<!-- Action Mappings -->
	<action-mappings>
	
		
		<action path="/mcaidReconDiscAction" scope="request" type="com.ps.mss.web.actions.McaidReconAction" name="mcaidDiscForm" parameter="method">

		<forward name="viewReconcilationNM" path="/mss/jsp/MCRecon/jsp/viewDiscReconcilationNM.jsp"></forward>
		<forward name="viewReconcilationIL" path="/mss/jsp/MCRecon/jsp/viewDiscReconcilationIL.jsp"></forward>
		<forward name="viewReconcilationMT" path="/mss/jsp/MCRecon/jsp/viewDiscReconcilationMT.jsp"></forward>
		<forward name="viewReconcilationTX" path="/mss/jsp/MCRecon/jsp/viewDiscReconcilationTX.jsp"></forward>
		<forward name="viewPaymentDetails" path="/mss/jsp/MCRecon/jsp/mcaidViewPaymentDetails.jsp"></forward>	
		</action>
		
		<action path="/mcaidReconPaymentAction" scope="request" type="com.ps.mss.web.actions.McaidReconAction" name="mcaidPaymentForm" parameter="method">
		</action>
		
		<action path="/mcaidReconFileAction" scope="request" type="com.ps.mss.web.actions.McaidReconAction" name="mcaidFileForm" parameter="method">
		</action>
		
		<action path="/mcaidReconAnomAction" scope="request" type="com.ps.mss.web.actions.McaidReconAction" name="mcaidAnomForm" parameter="method">
		<forward name="viewReconcilationNM" path="/mss/jsp/MCRecon/jsp/viewAnomReconcilationNM.jsp"></forward>
		<forward name="viewReconcilationIL" path="/mss/jsp/MCRecon/jsp/viewAnomReconcilationIL.jsp"></forward>
		<forward name="viewReconcilationMT" path="/mss/jsp/MCRecon/jsp/viewAnomReconcilationMT.jsp"></forward>
		<forward name="viewReconcilationTX" path="/mss/jsp/MCRecon/jsp/viewAnomReconcilationTX.jsp"></forward>
		<forward name="viewPaymentDetails" path="/mss/jsp/MCRecon/jsp/mcaidAnomViewPaymentDetails.jsp"></forward>	
		</action>
		
	</action-mappings>

	
		
</struts-config>
