<?xml version="1.0" encoding="ISO-8859-1"?>
<!DOCTYPE tiles-definitions PUBLIC "-//Apache Software Foundation//DTD Tiles Configuration 1.1//EN"
                                   "http://jakarta.apache.org/struts/dtds/tiles-config_1_1.dtd">

<tiles-definitions>

	<definition name="mcaidReconPageLayout" path="/mss/jsp/MCRecon/jsp/mclayout.jsp">
		<put name="header" value="/mss/jsp/MCRecon/jsp/popupHeader.jsp" />
		<put name="menu" value="/mss/jsp/MCRecon/jsp/menuRecon.jsp" />
		<!-- <put name="submenu" value="/mss/jsp/MCRecon/jsp/subMenuRecon.jsp" />  -->
		<!-- //Session management  IFOX-00428243 : start -->
		<put name="footer" value="/mss/common/html/popupFooter.jsp" />
	<!-- //Session management  IFOX-00428243 : end -->
	</definition>
	
	
<!-- ILLINOIS : start-->
	<definition name="ILmcaidDisc" extends="mcaidReconPageLayout" path="/mss/jsp/MCRecon/jsp/discrepancylayout.jsp">				
		<!-- <put name="search" value="/mss/jsp/MCRecon/jsp/iltestA.jsp" /> -->
		<put name="search" value="/mss/jsp/MCRecon/jsp/mcaidDiscDashboardSearch.jsp" />
		<put name="subMenu" value="/mss/jsp/MCRecon/jsp/mcaidReconDiscsubMenu.jsp" />		
		<put name="dashboard" value="/mss/jsp/MCRecon/jsp/mcaidDiscrepancyDashboard.jsp" /> 
	</definition>
	
	<definition name="ILmcaidDiscDetail" extends="mcaidReconPageLayout" path="/mss/jsp/MCRecon/jsp/discrepancylayout.jsp">		
		<!-- <put name="search" value="/mss/jsp/MCRecon/jsp/iltestA.jsp" /> -->
		<put name="search" value="/mss/jsp/MCRecon/jsp/mcaidDiscSummarySearch.jsp" />
		<put name="subMenu" value="/mss/jsp/MCRecon/jsp/mcaidReconDiscsubMenu.jsp" />		
		<put name="dashboard" value="/mss/jsp/MCRecon/jsp/mcaidDiscrepancyDetailScreen.jsp" /> 
	</definition>
	
 	<!-- IFOX-00407694-FCLO/WRTO Changes: start -->
	<definition name="ILmcaidDiscFCLO" extends="mcaidReconPageLayout" path="/mss/jsp/MCRecon/jsp/discrepancylayout.jsp">		
		<put name="search" value="/mss/jsp/MCRecon/jsp/mcaidDiscFCLOSearch.jsp" />
		<put name="subMenu" value="/mss/jsp/MCRecon/jsp/mcaidReconDiscsubMenu.jsp" />		
		<put name="dashboard" value="/mss/jsp/MCRecon/jsp/mcaidDiscrepancyFCLOScreen.jsp" /> 
	</definition>
	<!-- IFOX-00407694-FCLO/WRTO Changes: end -->
	
	<definition name="ILmcaidDiscSummary" extends="mcaidReconPageLayout" path="/mss/jsp/MCRecon/jsp/discrepancylayout.jsp">		
		<put name="search" value="/mss/jsp/MCRecon/jsp/mcaidSearchDiscrepancies.jsp" />
		<put name="subMenu" value="/mss/jsp/MCRecon/jsp/mcaidReconDiscsubMenu.jsp" />
		<put name="dashboard" value="/mss/jsp/MCRecon/jsp/mcaidDiscrepancySummary.jsp" /> 
	</definition>
	
	<definition name="ILmcaidPayment" extends="mcaidReconPageLayout" path="/mss/jsp/MCRecon/jsp/paymentlayout.jsp">		
		<!-- <put name="search" value="/mss/jsp/MCRecon/jsp/iltestA.jsp" />for search criteria -->
		 <put name="search" value="/mss/jsp/MCRecon/jsp/mcaidPaymentDashboardSearch.jsp" />
		<put name="subMenu" value="/mss/jsp/MCRecon/jsp/mcaidReconPaymentsubMenu.jsp" />
		<put name="dashboard" value="/mss/jsp/MCRecon/jsp/mcaidPaymentDashboard.jsp" />  
	</definition>	
	<definition name="ILmcaidPaymentSummary" extends="mcaidReconPageLayout" path="/mss/jsp/MCRecon/jsp/paymentlayout.jsp">		
	<!-- 	<put name="search" value="/mss/jsp/MCRecon/jsp/iltestA.jsp" />for search criteria -->
		<put name="search" value="/mss/jsp/MCRecon/jsp/mcaidReconPaymentSearch.jsp" />
		<put name="subMenu" value="/mss/jsp/MCRecon/jsp/mcaidReconPaymentsubMenu.jsp" />
		<put name="dashboard" value="/mss/jsp/MCRecon/jsp/mcaidPaymentSummary.jsp" /> 
	</definition>
	
	
	<definition name="ILmcaidAnom" extends="mcaidReconPageLayout" path="/mss/jsp/MCRecon/jsp/anomalylayout.jsp">	
	<!--<put name="search" value="/mss/jsp/MCRecon/jsp/iltestA.jsp" /> for search criteria--> 
		<put name="search" value="/mss/jsp/MCRecon/jsp/mcaidAnomDashboardSearch.jsp" />
		<put name="subMenu" value="/mss/jsp/MCRecon/jsp/mcaidReconAnomsubMenu.jsp" />
		<put name="dashboard" value="/mss/jsp/MCRecon/jsp/mcaidReconAnomDashboard.jsp" /> 
	</definition>
	
	<definition name="ILmcaidAnomDetail" extends="mcaidReconPageLayout" path="/mss/jsp/MCRecon/jsp/anomalylayout.jsp">	
		<!-- <put name="search" value="/mss/jsp/MCRecon/jsp/iltestA.jsp" />for search criteria -->
		<put name="search" value="/mss/jsp/MCRecon/jsp/mcaidAnomSummarySearch.jsp" />
		<put name="subMenu" value="/mss/jsp/MCRecon/jsp/mcaidReconAnomsubMenu.jsp" />
		<put name="dashboard" value="/mss/jsp/MCRecon/jsp/mcaidAnomDetailScreen.jsp" /> 
	</definition>
	
	<definition name="ILmcaidAnomSummary" extends="mcaidReconPageLayout" path="/mss/jsp/MCRecon/jsp/anomalylayout.jsp">
	    <put name="search" value="/mss/jsp/MCRecon/jsp/mcaidSearchAnomaly.jsp" />		
		<put name="subMenu" value="/mss/jsp/MCRecon/jsp/mcaidReconAnomsubMenu.jsp" />
		<put name="dashboard" value="/mss/jsp/MCRecon/jsp/mcaidReconAnomSummary.jsp" /> 
	</definition>
	
		<definition name="NMmcaidFileInventory" extends="mcaidReconPageLayout" path="/mss/jsp/MCRecon/jsp/filelayout.jsp">		
		<put name="search" value="/mss/jsp/MCRecon/jsp/mcaidSearchFiles.jsp" />
		<put name="subMenu" value="/mss/jsp/MCRecon/jsp/mcaidReconFilesubMenu.jsp" />
		<put name="dashboard" value="/mss/jsp/MCRecon/jsp/nmMcaidFilesList.jsp" /> 
	</definition>
<!-- ILLINOIS : end-->


<!-- NEW MEXICO : start -->	
	<definition name="NMmcaidDisc" extends="mcaidReconPageLayout" path="/mss/jsp/MCRecon/jsp/discrepancylayout.jsp">		
		<!-- <put name="search" value="/mss/jsp/MCRecon/jsp/iltestA.jsp" /> -->
		<put name="search" value="/mss/jsp/MCRecon/jsp/mcaidDiscDashboardSearch.jsp" />
		<put name="subMenu" value="/mss/jsp/MCRecon/jsp/mcaidReconDiscsubMenu.jsp" />		
		<put name="dashboard" value="/mss/jsp/MCRecon/jsp/nmMcaidDiscrepancyDashboard.jsp" /> 
	</definition>
	
	<definition name="NMmcaidDiscDetail" extends="mcaidReconPageLayout" path="/mss/jsp/MCRecon/jsp/discrepancylayout.jsp">		
		<!-- <put name="search" value="/mss/jsp/MCRecon/jsp/iltestA.jsp" /> -->
		<put name="search" value="/mss/jsp/MCRecon/jsp/mcaidDiscSummarySearch.jsp" />
		<put name="subMenu" value="/mss/jsp/MCRecon/jsp/mcaidReconDiscsubMenu.jsp" />		
		<put name="dashboard" value="/mss/jsp/MCRecon/jsp/mcaidDiscrepancyDetailScreen.jsp" /> 
	</definition>
	
	<!-- IFOX-00407694-FCLO/WRTO Changes: start -->
	<definition name="NMmcaidDiscFCLO" extends="mcaidReconPageLayout" path="/mss/jsp/MCRecon/jsp/fcloLayout.jsp">		
		<put name="search" value="/mss/jsp/MCRecon/jsp/mcaidDiscFCLOSearch.jsp" />
		<put name="subMenu" value="/mss/jsp/MCRecon/jsp/mcaidReconDiscsubMenu.jsp" />		
		<put name="dashboard" value="/mss/jsp/MCRecon/jsp/nmMcaidDiscrepancyFCLOScreen.jsp" /> 
	</definition>
	<!-- IFOX-00407694-FCLO/WRTO Changes: end -->
	
<definition name="NMmcaidDiscSummary" extends="mcaidReconPageLayout" path="/mss/jsp/MCRecon/jsp/discrepancylayout.jsp">		
		<put name="search" value="/mss/jsp/MCRecon/jsp/mcaidSearchDiscrepancies.jsp" />
		<put name="subMenu" value="/mss/jsp/MCRecon/jsp/mcaidReconDiscsubMenu.jsp" />
		<put name="dashboard" value="/mss/jsp/MCRecon/jsp/nmMcaidDiscrepancySummary.jsp" /> 
	</definition>
	
	<definition name="NMmcaidPayment" extends="mcaidReconPageLayout" path="/mss/jsp/MCRecon/jsp/paymentlayout.jsp">		
		<!-- <put name="search" value="/mss/jsp/MCRecon/jsp/iltestA.jsp" />for search criteria -->
		<put name="search" value="/mss/jsp/MCRecon/jsp/mcaidPaymentDashboardSearch.jsp" />
		<put name="subMenu" value="/mss/jsp/MCRecon/jsp/mcaidReconPaymentsubMenu.jsp" />
		<put name="dashboard" value="/mss/jsp/MCRecon/jsp/nmMcaidPaymentDashboard.jsp" /> 
	</definition>	
	<definition name="NMmcaidPaymentSummary" extends="mcaidReconPageLayout" path="/mss/jsp/MCRecon/jsp/paymentlayout.jsp">		
		<put name="search" value="/mss/jsp/MCRecon/jsp/mcaidReconPaymentSearch.jsp" /><!-- for search criteria-->
		<put name="subMenu" value="/mss/jsp/MCRecon/jsp/mcaidReconPaymentsubMenu.jsp" />
		<put name="dashboard" value="/mss/jsp/MCRecon/jsp/nmMcaidPaymentSummary.jsp" /> 
	</definition>
	
	
	<definition name="NMmcaidAnom" extends="mcaidReconPageLayout" path="/mss/jsp/MCRecon/jsp/anomalylayout.jsp">		
		<!-- <put name="search" value="/mss/jsp/MCRecon/jsp/iltestA.jsp" /> --><!-- for search criteria-->
		<put name="search" value="/mss/jsp/MCRecon/jsp/mcaidAnomDashboardSearch.jsp" />
		<put name="subMenu" value="/mss/jsp/MCRecon/jsp/mcaidReconAnomsubMenu.jsp" />
		<put name="dashboard" value="/mss/jsp/MCRecon/jsp/nmMcaidReconAnomDashboard.jsp" /> 
	</definition>
	<definition name="NMmcaidAnomDetail" extends="mcaidReconPageLayout" path="/mss/jsp/MCRecon/jsp/anomalylayout.jsp">	
		<!-- <put name="search" value="/mss/jsp/MCRecon/jsp/iltestA.jsp" />for search criteria -->
		<put name="search" value="/mss/jsp/MCRecon/jsp/mcaidAnomSummarySearch.jsp" />
		<put name="subMenu" value="/mss/jsp/MCRecon/jsp/mcaidReconAnomsubMenu.jsp" />
		<put name="dashboard" value="/mss/jsp/MCRecon/jsp/mcaidAnomDetailScreen.jsp" /> 
	</definition>
	<definition name="NMmcaidAnomSummary" extends="mcaidReconPageLayout" path="/mss/jsp/MCRecon/jsp/anomalylayout.jsp">		
		<put name="search" value="/mss/jsp/MCRecon/jsp/mcaidSearchAnomaly.jsp" />	<!-- for search criteria-->
		<put name="subMenu" value="/mss/jsp/MCRecon/jsp/mcaidReconAnomsubMenu.jsp" />
		<put name="dashboard" value="/mss/jsp/MCRecon/jsp/nmMcaidReconAnomSummary.jsp" /> 
	</definition>
	
	<definition name="NMmcaidFileInventory" extends="mcaidReconPageLayout" path="/mss/jsp/MCRecon/jsp/filelayout.jsp">		
		<put name="search" value="/mss/jsp/MCRecon/jsp/mcaidSearchFiles.jsp" />
		<put name="subMenu" value="/mss/jsp/MCRecon/jsp/mcaidReconFilesubMenu.jsp" />
		<put name="dashboard" value="/mss/jsp/MCRecon/jsp/nmMcaidFilesList.jsp" /> 
	</definition>
	
<!-- NEW MEXICO : end -->		
	

<!-- TEXAS  :start -->	
	
	<definition name="TXmcaidDisc" extends="mcaidReconPageLayout" path="/mss/jsp/MCRecon/jsp/discrepancylayout.jsp">		
		<!-- <put name="search" value="/mss/jsp/MCRecon/jsp/iltestA.jsp" /> -->
		<put name="search" value="/mss/jsp/MCRecon/jsp/mcaidDiscDashboardSearch.jsp" />
		<put name="subMenu" value="/mss/jsp/MCRecon/jsp/mcaidReconDiscsubMenu.jsp" />		
		<put name="dashboard" value="/mss/jsp/MCRecon/jsp/txMcaidDiscrepancyDashboard.jsp" /> 
	</definition>
	
	<definition name="TXmcaidDiscDetail" extends="mcaidReconPageLayout" path="/mss/jsp/MCRecon/jsp/discrepancylayout.jsp">		
		<!-- <put name="search" value="/mss/jsp/MCRecon/jsp/iltestA.jsp" /> -->
		<put name="search" value="/mss/jsp/MCRecon/jsp/mcaidDiscSummarySearch.jsp" />
		<put name="subMenu" value="/mss/jsp/MCRecon/jsp/mcaidReconDiscsubMenu.jsp" />		
		<put name="dashboard" value="/mss/jsp/MCRecon/jsp/mcaidDiscrepancyDetailScreen.jsp" /> 
	</definition>
	
	<!-- IFOX-00407694-FCLO/WRTO Changes: start -->
	<definition name="TXmcaidDiscFCLO" extends="mcaidReconPageLayout" path="/mss/jsp/MCRecon/jsp/fcloLayout.jsp">		
		<put name="search" value="/mss/jsp/MCRecon/jsp/mcaidDiscFCLOSearch.jsp" />
		<put name="subMenu" value="/mss/jsp/MCRecon/jsp/mcaidReconDiscsubMenu.jsp" />		
		<put name="dashboard" value="/mss/jsp/MCRecon/jsp/txMcaidDiscrepancyFCLOScreen.jsp" /> 
	</definition>
	<!-- IFOX-00407694-FCLO/WRTO Changes: end -->
	
<definition name="TXmcaidDiscSummary" extends="mcaidReconPageLayout" path="/mss/jsp/MCRecon/jsp/discrepancylayout.jsp">		
		<put name="search" value="/mss/jsp/MCRecon/jsp/mcaidSearchDiscrepancies.jsp" />
		<put name="subMenu" value="/mss/jsp/MCRecon/jsp/mcaidReconDiscsubMenu.jsp" />
		<put name="dashboard" value="/mss/jsp/MCRecon/jsp/txMcaidDiscrepancySummary.jsp" /> 
	</definition>
	<!-- // Added for TX DSP Details Page -->
	<definition name="TXmcaidDiscDSPSummary" extends="mcaidReconPageLayout" path="/mss/jsp/MCRecon/jsp/discrepancylayout.jsp">		
		<put name="search" value="/mss/jsp/MCRecon/jsp/mcaidSearchDiscrepancies.jsp" />
		<put name="subMenu" value="/mss/jsp/MCRecon/jsp/mcaidReconDiscsubMenu.jsp" />
		<put name="dashboard" value="/mss/jsp/MCRecon/jsp/txMcaidDiscrepancyDSPSummary.jsp" /> 
	</definition>
	
	<definition name="TXmcaidPayment" extends="mcaidReconPageLayout" path="/mss/jsp/MCRecon/jsp/paymentlayout.jsp">		
		<!-- <put name="search" value="/mss/jsp/MCRecon/jsp/iltestA.jsp" />for search criteria -->
		<put name="search" value="/mss/jsp/MCRecon/jsp/mcaidPaymentDashboardSearch.jsp" />
		<put name="subMenu" value="/mss/jsp/MCRecon/jsp/mcaidReconPaymentsubMenu.jsp" />
		<put name="dashboard" value="/mss/jsp/MCRecon/jsp/txMcaidPaymentDashboard.jsp" /> 
	</definition>	
	<definition name="TXmcaidPaymentSummary" extends="mcaidReconPageLayout" path="/mss/jsp/MCRecon/jsp/paymentlayout.jsp">		
		<put name="search" value="/mss/jsp/MCRecon/jsp/mcaidReconPaymentSearch.jsp" /><!-- for search criteria-->
		<put name="subMenu" value="/mss/jsp/MCRecon/jsp/mcaidReconPaymentsubMenu.jsp" />
		<put name="dashboard" value="/mss/jsp/MCRecon/jsp/txMcaidPaymentSummary.jsp" /> 
	</definition>
	
	
	<definition name="TXmcaidAnom" extends="mcaidReconPageLayout" path="/mss/jsp/MCRecon/jsp/anomalylayout.jsp">		
		<!-- <put name="search" value="/mss/jsp/MCRecon/jsp/iltestA.jsp" /> --><!-- for search criteria-->
		<put name="search" value="/mss/jsp/MCRecon/jsp/mcaidAnomDashboardSearch.jsp" />
		<put name="subMenu" value="/mss/jsp/MCRecon/jsp/mcaidReconAnomsubMenu.jsp" />
		<put name="dashboard" value="/mss/jsp/MCRecon/jsp/nmMcaidReconAnomDashboard.jsp" /> 
	</definition>
	<definition name="TXmcaidAnomDetail" extends="mcaidReconPageLayout" path="/mss/jsp/MCRecon/jsp/anomalylayout.jsp">	
		<!-- <put name="search" value="/mss/jsp/MCRecon/jsp/iltestA.jsp" />for search criteria -->
		<put name="search" value="/mss/jsp/MCRecon/jsp/mcaidAnomSummarySearch.jsp" />
		<put name="subMenu" value="/mss/jsp/MCRecon/jsp/mcaidReconAnomsubMenu.jsp" />
		<put name="dashboard" value="/mss/jsp/MCRecon/jsp/mcaidAnomDetailScreen.jsp" /> 
	</definition>
	<definition name="TXmcaidAnomSummary" extends="mcaidReconPageLayout" path="/mss/jsp/MCRecon/jsp/anomalylayout.jsp">		
		<put name="search" value="/mss/jsp/MCRecon/jsp/mcaidSearchAnomaly.jsp" />	<!-- for search criteria-->
		<put name="subMenu" value="/mss/jsp/MCRecon/jsp/mcaidReconAnomsubMenu.jsp" />
		<put name="dashboard" value="/mss/jsp/MCRecon/jsp/txMcaidReconAnomSummary.jsp" /> 
	</definition>
	<!-- TEXAS  :end -->
	
	<!-- Montana  :start -->	
	
	<definition name="MTmcaidDisc" extends="mcaidReconPageLayout" path="/mss/jsp/MCRecon/jsp/discrepancylayout.jsp">		
		<!-- <put name="search" value="/mss/jsp/MCRecon/jsp/iltestA.jsp" /> -->
		<put name="search" value="/mss/jsp/MCRecon/jsp/mcaidDiscDashboardSearch.jsp" />
		<put name="subMenu" value="/mss/jsp/MCRecon/jsp/mcaidReconDiscsubMenu.jsp" />		
		<put name="dashboard" value="/mss/jsp/MCRecon/jsp/mtMcaidDiscrepancyDashboard.jsp" /> 
	</definition>
	
	<definition name="MTmcaidDiscDetail" extends="mcaidReconPageLayout" path="/mss/jsp/MCRecon/jsp/discrepancylayout.jsp">		
		<!-- <put name="search" value="/mss/jsp/MCRecon/jsp/iltestA.jsp" /> -->
		<put name="search" value="/mss/jsp/MCRecon/jsp/mcaidDiscSummarySearch.jsp" />
		<put name="subMenu" value="/mss/jsp/MCRecon/jsp/mcaidReconDiscsubMenu.jsp" />		
		<put name="dashboard" value="/mss/jsp/MCRecon/jsp/mcaidDiscrepancyDetailScreen.jsp" /> 
	</definition>
	
<definition name="MTmcaidDiscSummary" extends="mcaidReconPageLayout" path="/mss/jsp/MCRecon/jsp/discrepancylayout.jsp">		
		<put name="search" value="/mss/jsp/MCRecon/jsp/mcaidSearchDiscrepancies.jsp" />
		<put name="subMenu" value="/mss/jsp/MCRecon/jsp/mcaidReconDiscsubMenu.jsp" />
		<put name="dashboard" value="/mss/jsp/MCRecon/jsp/mtMcaidDiscrepancySummary.jsp" /> 
	</definition>
	
	<definition name="MTmcaidPayment" extends="mcaidReconPageLayout" path="/mss/jsp/MCRecon/jsp/paymentlayout.jsp">		
		<!-- <put name="search" value="/mss/jsp/MCRecon/jsp/iltestA.jsp" />for search criteria -->
		<put name="search" value="/mss/jsp/MCRecon/jsp/mcaidPaymentDashboardSearch.jsp" />
		<put name="subMenu" value="/mss/jsp/MCRecon/jsp/mcaidReconPaymentsubMenu.jsp" />
		<put name="dashboard" value="/mss/jsp/MCRecon/jsp/mtMcaidPaymentDashboard.jsp" /> 
	</definition>	
	<definition name="MTmcaidPaymentSummary" extends="mcaidReconPageLayout" path="/mss/jsp/MCRecon/jsp/paymentlayout.jsp">		
		<put name="search" value="/mss/jsp/MCRecon/jsp/mcaidReconPaymentSearch.jsp" /><!-- for search criteria-->
		<put name="subMenu" value="/mss/jsp/MCRecon/jsp/mcaidReconPaymentsubMenu.jsp" />
		<put name="dashboard" value="/mss/jsp/MCRecon/jsp/mtMcaidPaymentSummary.jsp" /> 
	</definition>
	
	<definition name="MTmcaidAnom" extends="mcaidReconPageLayout" path="/mss/jsp/MCRecon/jsp/anomalylayout.jsp">		
		<!-- <put name="search" value="/mss/jsp/MCRecon/jsp/iltestA.jsp" /> --><!-- for search criteria-->
		<put name="search" value="/mss/jsp/MCRecon/jsp/mcaidAnomDashboardSearch.jsp" />
		<put name="subMenu" value="/mss/jsp/MCRecon/jsp/mcaidReconAnomsubMenu.jsp" />
		<put name="dashboard" value="/mss/jsp/MCRecon/jsp/mtMcaidReconAnomDashboard.jsp" /> 
	</definition>
	<definition name="MTmcaidAnomDetail" extends="mcaidReconPageLayout" path="/mss/jsp/MCRecon/jsp/anomalylayout.jsp">	
		<!-- <put name="search" value="/mss/jsp/MCRecon/jsp/iltestA.jsp" />for search criteria -->
		<put name="search" value="/mss/jsp/MCRecon/jsp/mcaidAnomSummarySearch.jsp" />
		<put name="subMenu" value="/mss/jsp/MCRecon/jsp/mcaidReconAnomsubMenu.jsp" />
		<put name="dashboard" value="/mss/jsp/MCRecon/jsp/mcaidAnomDetailScreen.jsp" /> 
	</definition>
	<definition name="MTmcaidAnomSummary" extends="mcaidReconPageLayout" path="/mss/jsp/MCRecon/jsp/anomalylayout.jsp">		
		<put name="search" value="/mss/jsp/MCRecon/jsp/mcaidSearchAnomaly.jsp" />	<!-- for search criteria-->
		<put name="subMenu" value="/mss/jsp/MCRecon/jsp/mcaidReconAnomsubMenu.jsp" />
		<put name="dashboard" value="/mss/jsp/MCRecon/jsp/mtMcaidReconAnomSummary.jsp" /> 
	</definition>
	<!-- Montana  :end -->
		
</tiles-definitions>