<?xml version="1.0" encoding="UTF-8"?>
<!DOCTYPE struts-config PUBLIC "-//Apache Software Foundation//DTD Struts Configuration 1.1//EN" "http://jakarta.apache.org/struts/dtds/struts-config_1_1.dtd">
<struts-config>

	<!-- Data Sources -->
	<data-sources>
	</data-sources>
	<!-- Form Beans -->
	<form-beans>	
		
		<form-bean name="raExpertForm" type="org.apache.struts.action.DynaActionForm">
            <form-property name="planId" type="java.lang.String"/>
            <form-property name="hicNbr" type="java.lang.String"/>
            <form-property name="paymentYear" type="java.lang.String"/>
		</form-bean>	
		
	</form-beans>

	<!-- Action Mappings -->
	<action-mappings>
		<action path="/raExpertAction" scope="request" type="com.ps.mss.web.actions.RAExpertBaseAction" name="raExpertForm">
			<forward name="memberFinancialReview" path="/mss/jsp/RAMemberFinReview.jsp" ></forward>
			<forward name="yrToYr" path="/mss/jsp/RAYrToYrCompare.jsp" ></forward>
			<forward name="hccHistory" path="/mss/jsp/RAHccHistory.jsp" ></forward>
			<forward name="hccProjection" path="/mss/jsp/RAHccProjection.jsp" ></forward>
			<forward name="finAudit" path="/mss/jsp/RAFinancialAudit.jsp"></forward>
			<forward name="raExpertError" path="/mss/jsp/ErrorPFJsp.jsp"></forward>
		</action>	
		
	</action-mappings>

	<controller nocache="false"></controller>
	
</struts-config>
