<?xml version="1.0" encoding="UTF-8"?>
<!DOCTYPE struts-config PUBLIC "-//Apache Software Foundation//DTD Struts Configuration 1.1//EN" "http://jakarta.apache.org/struts/dtds/struts-config_1_1.dtd">
<struts-config>

	<!-- Data Sources -->
	<data-sources>
	</data-sources>
	<!-- Form Beans -->
	<form-beans>		
		<form-bean name="RAPSForm" type="com.ps.mss.web.forms.RapsForm">
		</form-bean>		
				
		<form-bean name="rapsSwitchTabForm" type="org.apache.struts.action.DynaActionForm">
            <form-property name="uiContext" type="java.lang.String"/>
            <form-property name="pageName" type="java.lang.String"/>
            <form-property name="menuName" type="java.lang.String"/>
		</form-bean>	
			
		<form-bean name="rapsDeleteRaps" type="org.apache.struts.action.DynaActionForm">
            <form-property name="uiContext" type="java.lang.String"/>
            <form-property name="pageName" type="java.lang.String"/>
            <form-property name="method" type="java.lang.String"/>
            <form-property name="comments" type="java.lang.String"/>
		</form-bean>	

		<form-bean name="rapsPrintForm" type="org.apache.struts.action.DynaActionForm">
            <form-property name="pageName" type="java.lang.String"/>
		</form-bean>		
		
	</form-beans>

	<!-- Action Mappings -->
	<action-mappings>
		<action path="/RAPSAction" scope="request" type="com.ps.mss.web.actions.RapsActionFC" name="RAPSForm" parameter="method">
			<forward name="rapsDashboard" path="rapsDashboard"></forward>
			<forward name="rapsDetail" path="rapsDetail"></forward>
			<forward name="rapsClaimsDashboard" path="rapsClaimsDashboard"></forward>
			<forward name="rapsClaimsDetail" path="rapsClaimsDetail"></forward>
			<!--forward name="rapsWorkflow" path="rapsWorkflow"></forward-->
			<forward name="rapsStatistic" path="rapsStatistic"></forward>
			<forward name="rapsDetail_Raps" path="rapsDetail_Raps" ></forward>
			<forward name="claimDetail_Raps" path="claimDetail_Raps" ></forward>
		    <forward name="rapsEntry" path="rapsEntry"></forward>
		    <forward name="rapsErrors" path="rapsErrors"></forward>
			<forward name="printrapsClaimsDashboard" path="/mss/jsp/Raps/jsp/printRapsClaimsDashboard.jsp"></forward>
			<forward name="printrapsClaimsDetail" path="/mss/jsp/Raps/jsp/printRapsClaimsDetail.jsp"></forward>
			<forward name="printrapsDetail" path="/mss/jsp/Raps/jsp/printRapsSummaryDetail.jsp"></forward>
			<forward name="printrapsDashboard" path="/mss/jsp/Raps/jsp/printRapsDashboard.jsp"></forward>
			<forward name="printrapsStatistic" path="/mss/jsp/Raps/jsp/printRapsStatistics.jsp"></forward>
			<forward name="printrapsClaimsDetailPop" path="/mss/jsp/Raps/jsp/printRapsClaimDetailPopup.jsp"></forward>
			<forward name="printrapsDetailPop" path="/mss/jsp/Raps/jsp/printRapsDetailPopup.jsp" ></forward>
			<forward name="printrapsErrors" path="/mss/jsp/Raps/jsp/printRapsErrorsDetail.jsp"></forward>
			<forward name="rapsError" path="/mss/jsp/windowErrorPage.jsp"></forward>

			<forward name="rapsDetail_Claim" path="rapsDetail_Claim" ></forward>

		</action>	
		
		<action path="/switchRapsTab" scope="request" type="com.ps.mss.web.actions.SwitchRapsTabAction" name="rapsSwitchTabForm" >
		<forward name="rapsDashboard" path="/RAPSAction.do?method=rapsDashboard"></forward>
		<forward name="rapsDetail" path="/RAPSAction.do?method=rapsDetail"></forward>
		<forward name="rapsClaimsDashboard" path="/RAPSAction.do?method=rapsClaimsDashboard"></forward>
		<forward name="rapsClaimsDetail" path="/RAPSAction.do?method=rapsClaimsDetail"></forward>
		<!--forward name="rapsWorkflow" path="/RAPSAction.do?method=rapsWorkflow"></forward-->
		<forward name="rapsEntry" path="rapsEntry"></forward>
		<forward name="rapsStatistic" path="/RAPSAction.do?method=rapsStatistic"></forward>
		</action>	

		<action path="/deleteRaps" scope="request" type="com.ps.mss.web.actions.DeleteRaps" name="rapsDeleteRaps" >
		<forward name="rapsError" path="/mss/jsp/windowErrorPage.jsp"></forward>
		<forward name="rapsDelete" path="rapsDelete"></forward>
		<forward name="cancelFromRapsDetail" path="/RAPSAction.do?method=cancelFromRapsDetail"></forward>
		<forward name="rapsDetail" path="/RAPSAction.do?method=rapsDetail"></forward>
		<forward name="rapsClaimsDetail" path="/RAPSAction.do?method=rapsClaimsDetail"></forward>
		<forward name="buildRapsDetail" path="/RAPSAction.do?method=buildRapsDetail"></forward>
		</action>	

		<action path="/printAction" type="com.ps.mss.web.actions.PrintAction" name="rapsPrintForm" >
		   <forward name="raps" path="/RAPSAction.do?"></forward>
		</action>	



	</action-mappings>

	<controller nocache="false"></controller>
	
</struts-config>
