<?xml version="1.0" encoding="ISO-8859-1"?>
<!DOCTYPE tiles-definitions PUBLIC "-//Apache Software Foundation//DTD Tiles Configuration 1.1//EN"
                                   "http://jakarta.apache.org/struts/dtds/tiles-config_1_1.dtd">
<tiles-definitions>
	<definition name="rapsPageLayout" path="./mss/jsp/Raps/jsp/rapsLayout.jsp">
		<!-- //Session management  IFOX-00428243 : start -->
		<put name="footer" value="footer.jsp" />
		<!-- //Session management  IFOX-00428243 : end -->
	</definition>
	<definition name="rapsDashboard" extends ="rapsPageLayout">
		<put name="menu" value="../../Raps/jsp/menuRAPS.jsp" />
		<put name="search" value="../../Raps/jsp/searchRAPS.jsp" />
		<put name="body" value="../../Raps/jsp/rapsDashboard.jsp" />
	</definition>
	
	<definition name="rapsDetail" extends ="rapsPageLayout">
		<put name="menu" value="../../Raps/jsp/menuRAPS.jsp" />
		<put name="search" value="../../Raps/jsp/searchRapsDetail.jsp" />
		<put name="body" value="../../Raps/jsp/rapsSummaryDetail.jsp" />
	</definition>	
	
	<definition name="rapsClaimsDashboard" extends ="rapsPageLayout">
		<put name="menu" value="../../Raps/jsp/menuRAPS.jsp" />
		<put name="search" value="../../Raps/jsp/searchRAPSClaims.jsp" />
		<put name="body" value="../../Raps/jsp/rapsClaimsDashboard.jsp" />
	</definition>
	
	<definition name="rapsClaimsDetail" extends ="rapsPageLayout">
		<put name="menu" value="../../Raps/jsp/menuRAPS.jsp" />
		<put name="search" value="../../Raps/jsp/searchRapsClaimsDetail.jsp" />
		<put name="body" value="../../Raps/jsp/rapsClaimsDetail.jsp" />
	</definition>	

	<definition name="rapsWorkflow" extends ="rapsPageLayout">
		<put name="menu" value="../../Raps/jsp/menuRAPS.jsp" />
		<put name="search" value="../../Raps/jsp/searchRapsWorkflow.jsp" />
		<put name="body" value="../../Raps/jsp/rapsWorkflow.jsp" />
	</definition>	

	<definition name="rapsStatistic" extends ="rapsPageLayout">
		<put name="menu" value="../../Raps/jsp/menuRAPS.jsp" />
		<put name="search" value="../../Raps/jsp/searchEmpty.jsp" />
		<put name="body" value="../../Raps/jsp/rapsStatistics.jsp" />
	</definition>	

	<definition name="rapsEntry" extends ="rapsPageLayout">
		<put name="menu" value="../../Raps/jsp/menuRAPS.jsp" />
		<put name="search" value="../../Raps/jsp/searchEmpty.jsp" />
		<put name="body" value="../../Raps/jsp/rapsEntry.jsp" />
	</definition>	

	<definition name="rapsDelete" extends ="rapsPageLayout">
		<put name="menu" value="../../Raps/jsp/menuRAPS.jsp" />
		<put name="search" value="../../Raps/jsp/searchEmpty.jsp" />
		<put name="body" value="../../Raps/jsp/deleteCluster.jsp" />
	</definition>	


	<definition name="rapsDetail_Raps" extends ="rapsPageLayout">
		<put name="menu" value="../../Raps/jsp/menuRAPS.jsp" />
		<put name="search" value="../../Raps/jsp/searchRapsDetail_Disabled.jsp" />
		<put name="body" value="../../Raps/jsp/rapsDetail_Raps.jsp" />
	</definition>	

	<definition name="claimDetail_Raps" extends ="rapsPageLayout">
		<put name="menu" value="../../Raps/jsp/menuRAPS.jsp" />
		<put name="search" value="../../Raps/jsp/searchRapsDetail_Disabled.jsp" />
		<put name="body" value="../../Raps/jsp/claimDetail_Raps.jsp" />
	</definition>	

	<definition name="rapsDetail_Claim" extends ="rapsPageLayout">
		<put name="menu" value="../../Raps/jsp/menuRAPS.jsp" />
		<put name="search" value="../../Raps/jsp/searchRapsClaimsDetail_Disabled.jsp" />
		<put name="body" value="../../Raps/jsp/rapsDetail_Claim.jsp" />
	</definition>	
	
	<definition name="rapsErrors" extends="rapsPageLayout">
		<put name="menu" value="../../Raps/jsp/menuRAPS.jsp" />
		<put name="search" value="../../Raps/jsp/searchRapsErrors.jsp" />
		<put name="body" value="../../Raps/jsp/rapsErrorsDetail.jsp" />
	</definition>	

</tiles-definitions>