<?xml version="1.0" encoding="UTF-8"?>
<!DOCTYPE struts-config PUBLIC "-//Apache Software Foundation//DTD Struts Configuration 1.1//EN" "http://jakarta.apache.org/struts/dtds/struts-config_1_1.dtd">
<struts-config>

	<!-- Data Sources -->
	<data-sources>
	</data-sources>

	<!-- Form Beans -->
	<form-beans>
		<form-bean name="BaseForm" type="com.ps.mss.web.forms.BaseForm">
		</form-bean>
		<form-bean name="defaultForm" type="com.ps.mss.web.forms.BaseForm">
		</form-bean>
		<form-bean name="DiscrepancyDashBoardForm" type="com.ps.mss.web.forms.DiscrepancyDashBoardForm">
		</form-bean>
		<form-bean name="DiscrepancyDetailForm" type="com.ps.mss.web.forms.DiscrepancyDetailForm">
		</form-bean>
		<!-- //Recon Demo Work Queue Changes : start -->
		<form-bean name="WorkQueueForm" type="com.ps.mss.web.forms.WorkQueueForm">
		</form-bean>
		<!-- //Recon Demo Work Queue Changes : end -->
		<form-bean name="PdeTroopForm" type="com.ps.mss.web.forms.PdeTroopForm">
		</form-bean>
		<form-bean name="SearchProfileForm" type="com.ps.mss.web.forms.SearchProfileForm">
		</form-bean>		
		<form-bean name="ReinsuranceForm" type="org.apache.struts.action.DynaActionForm">
            <form-property name="actionType" type="java.lang.String"/>
            <form-property name="menuName" type="java.lang.String"/>
            <form-property name="method" type="java.lang.String"/>
            <form-property name="planName" type="java.lang.String"/>
            <form-property name="quarter" type="java.lang.String"/>
            <form-property name="pbpId" type="java.lang.String"/>
            <form-property name="fromDate" type="java.lang.String"/>
            <form-property name="amounts" type="java.lang.String"/>
		</form-bean>	
		<form-bean name="SSOForm" type="org.apache.struts.action.DynaActionForm">
            <form-property name="service" type="java.lang.String"/>
		</form-bean>			
	</form-beans>

	<!-- Global Exceptions -->
	<global-exceptions>
		<exception key="Exception" type="java.lang.Exception" path="/mss/jsp/Recon/jsp/errorPage.jsp" ></exception>
	</global-exceptions>

	<!-- Global Forwards -->
	<global-forwards>
		<forward name="homePage" path="/mss/jsp/Recon/jsp/home.jsp"></forward>
		<forward name="error" path="/mss/jsp/Recon/jsp/errorPage.jsp"></forward>
		
	</global-forwards>

	<!-- Action Mappings -->
	<action-mappings>
			<action name="BaseForm" path="/dispatchAction"  type="com.ps.mss.web.actions.DispatchAction" parameter="method">
				<forward name="reconDashBoard" path="payementDashboard" ></forward>
				<forward name="paymentSummary" path="paymentSummary"></forward>
				<forward name="showPaymentSummary" path="showPaymentSummary"></forward>
				<forward name="discrepancyDashBoard" path="discrepancyDashboard" ></forward>
				<forward name="discrepancySummary" path="discrepancySummary" ></forward>
				<forward name="showDiscrepancySummary" path="showDiscrepancySummary" ></forward>
				<forward name="beneficiaryPymtDeshboard" path="beneficiaryPymtDeshboard" ></forward>
				<forward name="beneficiaryPymtDetail" path="beneficiaryPymtDetail" ></forward>
				<forward name="showBeneficiaryPaymentDetail" path="showBeneficiaryPaymentDetail" ></forward>
				<forward name="beneficiaryDiscrpDeshboard" path="beneficiaryDiscrpDeshboard" ></forward>
				<forward name="printDiscrepancyDashBoard" path="/mss/jsp/Recon/jsp/printDiscrepancyDashBoard.jsp" ></forward>
				<forward name="printPaymentDashBoard" path="/mss/jsp/Recon/jsp/printPaymentDashBoard.jsp" ></forward>
				<forward name="printPaymentSummary" path="/mss/jsp/Recon/jsp/printPaymentSummary.jsp" ></forward>	
				<forward name="printDiscrepancySummary" path="/mss/jsp/Recon/jsp/printDiscrepancySummary.jsp" ></forward>
				<forward name="printBeneficiaryPymtDetail" path="/mss/jsp/Recon/jsp/printBeneficiaryPymtDetail.jsp" ></forward>
				<forward name="pymtDetailPopUp" path="/mss/jsp/Recon/jsp/popupPayment.jsp" ></forward>
				<forward name="pymtEffDateDetail" path="/mss/jsp/Recon/jsp/popupPymtDetail.jsp" ></forward>
				<forward name="diseaseGroup" path="/mss/jsp/Recon/jsp/popupDisease.jsp" ></forward>
				<forward name="printDiseaseGroup" path="/mss/jsp/Recon/jsp/printPopupDisease.jsp" ></forward>
				<forward name="printPaymentPopUp" path="/mss/jsp/Recon/jsp/printPopupPayment.jsp" ></forward>			
				<forward name="printPymtEffDateDetail" path="/mss/jsp/Recon/jsp/printPopupPymtDetail.jsp" ></forward>
				<forward name="reconciliation" path="/mss/jsp/Recon/jsp/reconciliation.jsp"></forward>
				<forward name="printReconciliation" path="/mss/jsp/Recon/jsp/printReconciliation.jsp" ></forward>
		  </action>

		<action name="DiscrepancyDetailForm" path="/discrepancyDetailAction" scope="request" type="com.ps.mss.web.actions.DiscrepancyDetailAction">
			<forward name="success" path="discrepancyDetail"></forward>
			<!-- <forward name="workqueue" path="workqueue"></forward>
			<forward name="workqueuepde" path="workqueuepde"></forward> -->
			<forward name="successForPrint" path="/mss/jsp/Recon/jsp/printDiscrepancyDetail.jsp" ></forward>	
			<forward name="beneDiscrpDetail" path="beneDiscrpDetail" ></forward>
			<forward name="showBeneDiscrpDetail" path="showBeneDiscrpDetail" ></forward>
			<forward name="printBeneficiaryDiscDetail" path="/mss/jsp/Recon/jsp/printBeneficiaryDiscDetail.jsp" ></forward>
		</action>
		
		<action name="WorkQueueForm" path="/workQueueAction" scope="request" type="com.ps.mss.web.actions.WorkQueueAction">
			<forward name="success" path="discrepancyDetail"></forward>
			<forward name="workqueue" path="workqueue"></forward>
			<forward name="workqueuepde" path="workqueuepde"></forward>
			<forward name="successForPrint" path="/mss/jsp/Recon/jsp/printDiscrepancyDetail.jsp" ></forward>	
			<forward name="beneDiscrpDetail" path="beneDiscrpDetail" ></forward>
			<forward name="showBeneDiscrpDetail" path="showBeneDiscrpDetail" ></forward>
			<forward name="printBeneficiaryDiscDetail" path="/mss/jsp/Recon/jsp/printBeneficiaryDiscDetail.jsp" ></forward>
			<forward name="assignTask " path="/mss/jsp/Recon/jsp/assignTask.jsp"></forward>
		</action>
		
		<action path="/downloadAction" type="com.ps.mss.web.actions.DownloadAction"></action>
		
		<action path="/eligibilityActions" type="com.ps.mss.web.actions.EligibilityAction">
		</action>
		
		<action path="/AdminActions" type="com.ps.mss.web.actions.AdminAction">
		</action>
		
		<action name="PdeTroopForm" path="/pdeTroopAction"  type="com.ps.mss.web.actions.PdeTroopAction" parameter="method">
			<forward name="troopDashBoard" path="troopDashboard" ></forward>
			<forward name="troopDetail" path="troopDetail" ></forward>
			<forward name="pdeDashBoard" path="pdeDashboard"></forward>
			<forward name="pdeEventDetail" path="pdeEventDetail"></forward>
			<forward name="printPdeDashBoard" path="/mss/jsp/Recon/jsp/printPdeDashboard.jsp" ></forward>
			<forward name="printTroopDashBoard" path="/mss/jsp/Recon/jsp/printTroopDashboard.jsp" ></forward>
			<forward name="printTroopDetail" path="/mss/jsp/Recon/jsp/printTroopDetail.jsp" ></forward>
			<forward name="printPdeEventDetail" path="/mss/jsp/Recon/jsp/printPdeDetail.jsp" ></forward>
			<forward name="pdeErrDB" path="pdeErrDB"></forward>
			<forward name="printpdeErrDB" path="/mss/jsp/Recon/jsp/printPdeErrDB.jsp"></forward>
			<forward name="pdeErrDetail" path="pdeErrDetail"></forward>
			<forward name="printpdeErrDetail" path="/mss/jsp/Recon/jsp/printPdeErrDetail.jsp"></forward>
			<forward name="pdeErrCodes" path="pdeErrCodes"></forward>
			<forward name="printpdeErrCodes" path="/mss/jsp/Recon/jsp/printPdeErrCodes.jsp"></forward>
</action>
		
		<action name="SearchProfileForm" path="/searchProfileAction" scope="request"  type="com.ps.mss.web.actions.SearchProfileAction" parameter="method">
			<forward name="searchProfile" path="searchProfile"></forward>
			<!-- //Recon Demo Work Queue Changes : start -->
			<forward name="autoAssignPage" path="autoAssignPage"></forward>
			<!-- //Recon Demo Work Queue Changes : end -->
			<forward name="successForPrint" path="/mss/jsp/Recon/jsp/printProfileSearch.jsp" ></forward>	
			<forward name="showParmDetail" path="/mss/jsp/Recon/jsp/ShowProfilesParmDetail.jsp"></forward>
		</action>	

		<action name="ReinsuranceForm" path="/reinsuranceAction" scope="request"  type="com.ps.mss.web.actions.ReinsuranceAction">
			<forward name="search" path="reinsurance"></forward>
			<forward name="printReinsurance" path="/mss/jsp/Recon/jsp/printReinsurance.jsp" ></forward>	
			<forward name="forecastSum" path="forecastSum"></forward>
			<forward name="printforecastSum" path="/mss/jsp/Recon/jsp/printForecastSum.jsp" ></forward>	
			<forward name="licsDetail" path="licsDetail"></forward>
			<forward name="printlicsDetail" path="/mss/jsp/Recon/jsp/printLicsDetail.jsp" ></forward>
			<!-- Added for CGAP Screen IFOX-00432723 :: START-->
			<forward name="cgapDetail" path="cgapDetail"></forward>
			<forward name="printcgapDetail" path="/mss/jsp/Recon/jsp/printCgapDetail.jsp" ></forward>
			<!-- Added for CGAP Screen IFOX-00432723 :: END -->
			<forward name="reinDetail" path="reinDetail"></forward>
			<forward name="printreinDetail" path="/mss/jsp/Recon/jsp/printReinDetail.jsp" ></forward>
			<forward name="riskDetail" path="riskDetail"></forward>
			<forward name="printriskDetail" path="/mss/jsp/Recon/jsp/printRiskDetail.jsp" ></forward>
		</action>	

		<action name="SSOForm" path="/ssoAction" scope="request"  type="com.ps.mss.web.actions.SingleSignOnAction">
			<forward name="bor" path="/mss/jsp/Recon/jsp/startBO.jsp" ></forward>	
			<forward name="ssoError" path="/mss/jsp/Recon/jsp/ssoErrorPage.jsp" ></forward>	
		</action>	
		
	    <action path="/reconAction" type="com.ps.mss.web.actions.ReconAction"></action>

	</action-mappings>


	<controller nocache="false"></controller>
	

	<!-- Message Resources -->
	<message-resources parameter="mss.resources.ApplicationResources"/>

	<plug-in className="org.apache.struts.tiles.TilesPlugin" >
       <set-property property="definitions-config" value="/WEB-INF/tiles-defs.xml,/WEB-INF/raps-tiles-defs.xml,/WEB-INF/correspondence-tiles-defs.xml,/WEB-INF/eem-tiles-defs.xml,/WEB-INF/hpe-tiles-defs.xml,/WEB-INF/mcaidRecon-tiles-defs.xml,/WEB-INF/chart-tiles-defs.xml" />
       <set-property property="moduleAware" value="true" />
	</plug-in>

</struts-config>
