<?xml version="1.0" encoding="ISO-8859-1"?>
<!DOCTYPE tiles-definitions PUBLIC "-//Apache Software Foundation//DTD Tiles Configuration 1.1//EN"
                                   "http://jakarta.apache.org/struts/dtds/tiles-config_1_1.dtd">
<tiles-definitions>
	<definition name="pageLayout" path="./mss/jsp/Recon/jsp/layout.jsp">
		<!-- //Session management  IFOX-00428243 : start -->
		<put name="footer" value="footer.jsp" />
		<!-- //Session management  IFOX-00428243 : end -->
	</definition>

	<definition name="dashBoardLayout" extends="pageLayout">
		<put name="content" value="" />
	</definition>

	<definition name="payementDashboard" extends ="pageLayout">
		<put name="menu" value="menuRecon.jsp" />
		<put name="search" value="searchPlan.jsp" />
		<put name="body" value="paymentDashboard.jsp" />
	</definition>

	<definition name="paymentSummary" extends="pageLayout">
		<put name="menu" value="menuRecon.jsp" />
		<put name="search" value="searchPlan.jsp" />
		<put name="body" value="paymentSummary.jsp" />
	</definition>
	

	<definition name="showPaymentSummary" extends="pageLayout">
		<put name="menu" value="menuRecon.jsp" />
		<put name="search" value="searchPlanReadOnly.jsp" />
		<put name="body" value="paymentSummary.jsp" />
	</definition>

	<definition name="discrepancyDashboard" extends="pageLayout">
		<put name="menu" value="menuRecon.jsp" />
		<put name="search" value="searchDiscrepancies.jsp" />
		<put name="body" value="discrepancyDashboard.jsp" />
	</definition>

	<definition name="discrepancySummary" extends="pageLayout">
		<put name="menu" value="menuRecon.jsp" />
		<put name="search" value="searchDiscrepanciesSummary.jsp" />
		<put name="body" value="discrepancySummary.jsp" />
	</definition>

	<definition name="showDiscrepancySummary" extends="pageLayout">
		<put name="menu" value="menuRecon.jsp" />
		<put name="search" value="searchDiscrepanciesReadOnly.jsp" />
		<put name="body" value="discrepancySummary.jsp" />
	</definition>
	<definition name="showBeneficiaryPaymentDetail" extends="pageLayout">
		<put name="menu" value="menuRecon.jsp" />
		<put name="search" value="searchBeneficiaryReadOnly.jsp" />
		<put name="body" value="beneficiaryPaymtDetail.jsp" />
	</definition>

	<definition name="discrepancyDetail" extends="pageLayout">
		<put name="menu" value="menuRecon.jsp" />
		<put name="search" value="searchDiscrepanciesDetail.jsp" />
		<put name="body" value="discrepancyDetails.jsp" />
	</definition>
	
	
	<definition name="workqueue" extends="pageLayout">
		<put name="menu" value="menuRecon.jsp" />
		<put name="search" value="workQueueSearch.jsp" />
		<put name="body" value="workQueue.jsp" /> 
	</definition>
	
	<definition name="workqueuepde" extends="pageLayout">
		<put name="menu" value="menuRecon.jsp" />
				<put name="search" value="workQueueSearch.jsp" />
				 <put name="body" value="workQueuePde.jsp" /> 
	</definition>
	
	<definition name="beneficiaryPymtDeshboard" extends="pageLayout">
		<put name="menu" value="menuRecon.jsp" />
		<put name="search" value="searchBeneficiary.jsp" />
		<put name="body" value="paymentDashboard.jsp" />
	</definition>

	<definition name="beneficiaryPymtDetail" extends="pageLayout">
		<put name="menu" value="menuRecon.jsp" />
		<put name="search" value="searchBeneficiary.jsp" />
		<put name="body" value="beneficiaryPaymtDetail.jsp" />
	</definition>

	<definition name="beneficiaryDiscrpDeshboard" extends="pageLayout">
		<put name="menu" value="menuRecon.jsp" />
		<!--Recon Baseplus UI issues -->
		<!--<put name="search" value="searchBeneficiary.jsp"/> -->
		<put name="search" value="searchBeneficiaryDisc.jsp" />
		<!--Recon Baseplus UI issues -->
		<put name="body" value="discrepancyDashboard.jsp" />
	</definition>
	
	<definition name="beneDiscrpDetail" extends="pageLayout">
		<put name="menu" value="menuRecon.jsp" />
		<put name="search" value="searchDiscrepanciesDetail.jsp" />
		<put name="body" value="beneDiscrpDetail.jsp" />
	</definition>
	<definition name="showBeneDiscrpDetail" extends="pageLayout">
		<put name="menu" value="menuRecon.jsp" />
		<put name="search" value="showsearchBeneDiscrp.jsp" />
		<put name="body" value="beneDiscrpDetail.jsp" />
	</definition>

	<definition name="reconciliation" extends="pageLayout">
		<put name="body" value="reconciliation.jsp" />
	</definition>

	<definition name="troopDashboard" extends ="pageLayout">
		<put name="menu" value="menuRecon.jsp" />
		<put name="search" value="searchTroop.jsp" />
		<put name="body" value="troopDashboard.jsp" />
	</definition>
	<definition name="troopDetail" extends ="pageLayout">
		<put name="menu" value="menuRecon.jsp" />
		<put name="search" value="searchTroopDetails.jsp" />
		<put name="body" value="troopDetail.jsp" />
	</definition>
	<definition name="pdeDashboard" extends ="pageLayout">
		<put name="menu" value="menuRecon.jsp" />
		<put name="search" value="searchPde.jsp" />
		<put name="body" value="pdeDashboard.jsp" />
	</definition>
	<definition name="pdeEventDetail" extends ="pageLayout">
		<put name="menu" value="menuRecon.jsp" />
		<put name="search" value="searchPdeDetail.jsp" />
		<put name="body" value="pdeEventDetail.jsp" />
	</definition>
	<definition name="pdeErrDB" extends ="pageLayout">
		<put name="menu" value="menuRecon.jsp" />
		<put name="search" value="searchPdeErr.jsp" />
		<put name="body" value="pdeErrDB.jsp" />
	</definition>
	<definition name="pdeErrDetail" extends ="pageLayout">
		<put name="menu" value="menuRecon.jsp" />
		<put name="search" value="searchPdeErrDetail.jsp" />
		<put name="body" value="pdeErrDetail.jsp" />
	</definition>
	<definition name="pdeErrCodes" extends ="pageLayout">
		<put name="menu" value="menuRecon.jsp" />
		<put name="search" value="searchPdeErrRO.jsp" />
		<put name="body" value="pdeErrCodes.jsp" />
	</definition>		
	<definition name="searchProfile" extends="pageLayout">
		<put name="menu" value="menuRecon.jsp" />
		<put name="search" value="SearchProfile.jsp" />
		<put name="body" value="ProfileSearchResult.jsp" />
	</definition>	
	<!-- //Recon  Work Queue Changes : start -->
	<definition name="autoAssignPage" extends="pageLayout">
		<put name="menu" value="menuRecon.jsp" />
		<put name="search" value="SearchProfile.jsp" />
		<put name="body" value="autoAssign.jsp" />
	</definition>	
	<!-- //Recon  Work Queue Changes : end -->
	<definition name="showParmDetail" extends="pageLayout">
		<put name="content" value="ShowProfilesParmDetail.jsp" />
	</definition>
	<definition name="reinsurance" extends="pageLayout">
		<put name="menu" value="menuRecon.jsp" />
		<put name="search" value="SearchReinsurance.jsp" />
		<put name="body" value="ReinsuranceBody.jsp" />
	</definition>	
	<definition name="forecastSum" extends="pageLayout">
		<put name="menu" value="menuRecon.jsp" />
			<put name="search" value="SearchForeCastSum.jsp" />
			<put name="body" value="ForecastSum.jsp" />
	</definition>	
	<definition name="licsDetail" extends="pageLayout">
		<put name="menu" value="menuRecon.jsp" />
			<put name="search" value="SearchForeCastSum.jsp" />
			<put name="body" value="LicsDetail.jsp" />
	</definition>
	<!-- Added for CGAP Screen IFOX-00432723 :: START-->
	<definition name="cgapDetail" extends="pageLayout">
		<put name="menu" value="menuRecon.jsp" />
			<put name="search" value="SearchForeCastSum.jsp" />
			<put name="body" value="CgapDetail.jsp" />
	</definition>
	<!-- Added for CGAP Screen IFOX-00432723 :: END -->	
	<definition name="reinDetail" extends="pageLayout">
		<put name="menu" value="menuRecon.jsp" />
			<put name="search" value="SearchForeCastSum.jsp" />
			<put name="body" value="ReinDetail.jsp" />
	</definition>	
	<definition name="riskDetail" extends="pageLayout">
		<put name="menu" value="menuRecon.jsp" />
			<put name="search" value="SearchForeCastSum.jsp" />
			<put name="body" value="RiskReconDetail.jsp" />
	</definition>	

</tiles-definitions>