<?xml version="1.0" encoding="UTF-8"?>
<beans xmlns="http://www.springframework.org/schema/beans"
	xmlns:xsi="http://www.w3.org/2001/XMLSchema-instance" xmlns:p="http://www.springframework.org/schema/p"
	xmlns:jee="http://www.springframework.org/schema/jee"	
	xmlns:context="http://www.springframework.org/schema/context"
	xmlns:mvc="http://www.springframework.org/schema/mvc"
	xmlns:util="http://www.springframework.org/schema/util"
	xmlns:task="http://www.springframework.org/schema/task"
	xsi:schemaLocation="
	http://www.springframework.org/schema/beans
	http://www.springframework.org/schema/beans/spring-beans-3.0.xsd
	http://www.springframework.org/schema/context
	http://www.springframework.org/schema/context/spring-context-3.0.xsd
    http://www.springframework.org/schema/jee
    http://www.springframework.org/schema/jee/spring-jee-3.0.xsd	
	http://www.springframework.org/schema/util 
    http://www.springframework.org/schema/util/spring-util-3.0.xsd
	http://www.springframework.org/schema/mvc
	http://www.springframework.org/schema/mvc/spring-mvc-3.0.xsd
	http://www.springframework.org/schema/task http://www.springframework.org/schema/task/spring-task-3.0.xsd">
	
	<context:property-placeholder location="classpath:hibernate.properties" /> 
	
	 <context:component-scan base-package="com.medicare" />
	 <mvc:annotation-driven />
     <util:properties id="propertyConfigurer" location="classpath:sharp.properties"/>

	 <!--  Begin: Added for IFOX-00405531 -->
	 <util:properties id="emailPropertyConfigurer" location="classpath:email.properties"/>
	 <!--  End: Added for IFOX-00405531 -->

	 <context:property-placeholder properties-ref="propertyConfigurer" />
	 <util:properties id="errorProperty" location="classpath:errorProp.properties"/>
	 <context:property-placeholder properties-ref="errorProperty" />
	 
	 
 	 <task:annotation-driven />
 
 	<bean id="viewResolver"
		class="org.springframework.web.servlet.view.InternalResourceViewResolver">
		<property name="prefix" value="/WEB-INF/views/" />
		<property name="suffix" value=".jsp" />
		
	</bean>
	<bean id="messageSource" class="org.springframework.context.support.ResourceBundleMessageSource">
	   <property name="basename" value="props" />
	</bean>
	
	<!-- Commented for WAS data source -->
	<!-- 
	<bean id="dataSource"
		class="org.springframework.jdbc.datasource.DriverManagerDataSource">
		 	<property name="driverClassName" value="${database.driver}" /> 
 		 	<property name="url" value="${database.url}" /> 
  			<property name="username" value="${database.user}" /> 
 		 	<property name="password" value="${database.password}" /> 
	</bean>
	 -->
	 
	<bean id="dataSource" class="org.springframework.jndi.JndiObjectFactoryBean">
	    <property name="jndiName" value="jdbc/mssqs360"/> 
	 <!--    <property name="jndiName" value="jdbc/mssps360"/>	   --> 
	    <property name="lookupOnStartup" value="false"/>
	    <property name="cache" value="true" />
	    <property name="proxyInterface"  value="javax.sql.DataSource" />
    </bean>
    	 
	<bean id="sessionFactory"
		class="org.springframework.orm.hibernate3.annotation.AnnotationSessionFactoryBean">
		
		<!-- Commented for WAS data source -->
		<property name="dataSource" ref="dataSource" /> 
		
		<property name="annotatedClasses">
			<list>				
				<value>com.medicare.model.UserDetails</value>
				<value>com.medicare.model.UserAddress</value>
				<value>com.medicare.model.UserAccountDetails</value>
				<value>com.medicare.model.UserPolicyDetails</value>
				<value>com.medicare.model.UserOtherPolicyDetails</value>
				<value>com.medicare.model.UserLegalRepDetails</value>
				<value>com.medicare.model.UserAgentDetails</value>
				<!-- fix for IFOX-401637 - START -->
				<value>com.medicare.model.UserIdSeed</value>
				<value>com.medicare.model.UserLogin</value>
				<!-- fix for IFOX-401637 - END -->
			</list>
		</property>
		<property name="hibernateProperties">
        	<props>
            	<prop key="hibernate.dialect">${hibernate.dialect}</prop>
            	<prop key="hibernate.show_sql">${hibernate.showsql}</prop>
            	<!-- Begin: Added for WAS data source -->
            	<prop key="hibernate.connection.datasource">jdbc/mssqs360</prop>
            	<prop key="hibernate.current_session_context_class">thread</prop>

          		<prop key="hibernate.transaction.factory_class">org.hibernate.transaction.CMTTransactionFactory</prop>
          		<prop key="hibernate.transaction.manager_lookup_class">org.hibernate.transaction.WebSphereExtendedJTATransactionLookup</prop>
          		<prop key="hibernate.transaction.jta.platform">org.hibernate.service.jta.platform.internal.WebSphereExtendedJtaPlatform</prop> 
            	
            	<!-- End: Added for WAS data source -->
        	</props>
   		 </property>
		<!-- <property name="hibernateProperties" value="org.hibernate.dialect.DB2Dialect"/> -->
	</bean>
	
	<bean id="hibernateTransactionManager"
		class="org.springframework.orm.hibernate3.HibernateTransactionManager">
		<property name="sessionFactory" ref="sessionFactory" />
	</bean>
  <mvc:resources mapping="/images/*" location="/images/"></mvc:resources>
		<mvc:resources mapping="/css/*" location="/css/"></mvc:resources>
	<mvc:resources mapping="/js/*" location="/js/"></mvc:resources>
	
	
<!-- <bean id="mailSender" class="org.springframework.mail.javamail.JavaMailSenderImpl">  
  <property name="host" value="relay.iconnection.com" />  
    <property name="javaMailProperties">  
       <props>  
              <prop key="mail.smtp.auth">false</prop>  
           </props>  
    </property>  
    </bean>
	<bean id="sendMail" class="com.medicare.mailer.SendMail">
		<property name="mailSender" ref="mailSender" />
	</bean> -->
    

</beans>