{
  "data": [
    {
      "profile": "START DATE", 
      "value": "EUA", 
      "startDate": "Cannon Morin", 
      "edit": " <i class=\"fa fa-pencil-square\" aria-hidden=\"true\"></i>"
    },    {
      "profile": "START DATE", 
      "value": "EUA", 
      "startDate": "Cannon Morin", 
      "edit": " <i class=\"fa fa-pencil-square\" aria-hidden=\"true\"></i>"
    },    {
      "profile": "START DATE", 
      "value": "EUA", 
      "startDate": "Cannon Morin", 
      "edit": " <i class=\"fa fa-pencil-square\" aria-hidden=\"true\"></i>"
    },    {
      "profile": "START DATE", 
      "value": "EUA", 
      "startDate": "Cannon Morin", 
      "edit": " <i class=\"fa fa-pencil-square\" aria-hidden=\"true\"></i>"
    },    {
      "profile": "START DATE", 
      "value": "EUA", 
      "startDate": "Cannon Morin", 
      "edit": " <i class=\"fa fa-pencil-square\" aria-hidden=\"true\"></i>"
    },    {
      "profile": "START DATEeeeee", 
      "value": "EUA", 
      "startDate": "Cannon Morin", 
      "edit": " <i class=\"fa fa-pencil-square\" aria-hidden=\"true\"></i>"
    },    {
      "profile": "START DATEsfsdfsdfsd", 
      "value": "EUA", 
      "startDate": "Cannon Morin", 
      "edit": " <i class=\"fa fa-pencil-square\" aria-hidden=\"true\"></i>"
    }
    
  ]
}