<?xml version="1.0" encoding="UTF-8"?>
<Configuration>

    <Properties>
        <Property name="LOG_PATTERN">%d{yyyy-MM-dd'T'HH:mm:ss.SSSZ} %p %m%n</Property>
    </Properties>

    <Appenders>

        <Console name="Console" target="SYSTEM_OUT" follow="true">
            <PatternLayout pattern="${LOG_PATTERN}"/>
        </Console>
        
		<RollingFile name="debugLog" fileName="D:/LOGS/Mss/application-debug.log" 
			filePattern="D:/LOGS/Mss/application-debug-%d{yyyy-MM-dd}-%i.log">
			<LevelRangeFilter minLevel="ERROR" maxLevel="DEBUG" onMatch="ACCEPT" onMismatch="DENY"/>
			<PatternLayout pattern="[%d] %t %c %-5p - %m - %X{userName}%n"/>
			<Policies>
				<SizeBasedTriggeringPolicy size="10MB" />
			</Policies>
			<DefaultRolloverStrategy max="50"/>
		</RollingFile>
		
		<RollingFile name="infoLog" fileName="D:/LOGS/Mss/application-info.log" 
			filePattern="D:/LOGS/Mss/application-info-%d{yyyy-MM-dd}-%i.log" >
			<LevelRangeFilter minLevel="INFO" maxLevel="INFO" onMatch="ACCEPT" onMismatch="DENY"/>
			<PatternLayout pattern="[%d] %c - %m%n"/>
			<Policies>
				<SizeBasedTriggeringPolicy size="10MB" />
			</Policies>
			<DefaultRolloverStrategy max="50"/>
		</RollingFile>
		
		<RollingFile name="errorLog" fileName="D:/LOGS/Mss/application-error.log" 
			filePattern="D:/LOGS/Mss/application-error-%d{yyyy-MM-dd}-%i.log" >
			<LevelRangeFilter minLevel="ERROR" maxLevel="ERROR" onMatch="ACCEPT" onMismatch="DENY"/>
			<PatternLayout pattern="[%d] - %m%n"/>
			<Policies>
				<SizeBasedTriggeringPolicy size="10MB" />
			</Policies>
			<DefaultRolloverStrategy max="50"/>
		</RollingFile>
		
    </Appenders>

    <Loggers>
         
        <Logger name="com.medicare.mss" level="debug" additivity="false">           
	        <AppenderRef ref="debugLog" />
	        <AppenderRef ref="infoLog" />
            <AppenderRef ref="errorLog" />             
        </Logger>  
        
       <Root level="info">          
            <AppenderRef ref="Console"  />         
        </Root>
                
    </Loggers>

</Configuration>