<?xml version="1.0" encoding="UTF-8"?>  
<beans  
    xmlns="http://www.springframework.org/schema/beans"  
    xmlns:xsi="http://www.w3.org/2001/XMLSchema-instance"  
    xmlns:p="http://www.springframework.org/schema/p"  
    xsi:schemaLocation="http://www.springframework.org/schema/beans  
                http://www.springframework.org/schema/beans/spring-beans-3.0.xsd">  
  
<bean id="e" class="constructor_injection_pack.Employee">  
     <constructor-arg value="10" type="int"></constructor-arg>  
    <constructor-arg value="raju" type="String"></constructor-arg> 
     <constructor-arg value="krishna" type="String"></constructor-arg>  
      
</bean> 

<bean id="e1" class="constructor_injection_pack.Employee">  
<!--      <constructor-arg value="10" type="int"></constructor-arg>   -->
<!--     <constructor-arg value="raju" type="String"></constructor-arg>  -->
     <constructor-arg value="krishna" type="String"></constructor-arg>  
      
</bean>  
  
</beans>  